@startuml
page 5 x 10
skinparam monochrome true
hide empty members
hide circle
class "Adam" as Adam_1
class "Eve" as Eve_1
class "Cain" as Cain_1
class "Abel" as Abel_1
class "Enoch" as Enoch_1
class "Irad" as Irad_1
class "Mehujael" as Mehujael_1
class "Methushael" as Methushael_1
class "Lamech" as Lamech_1
class "Adah" as Adah_1
class "Zillah" as Zillah_1
class "Jabal" as Jabal_1
class "Jubal" as Jubal_1
class "Tubal-cain" as Tubal_cain_1
class "Naamah" as Naamah_1
class "Seth" as Seth_1
class "Enosh" as Enosh_1
class "Kenan" as Kenan_1
class "Mahalalel" as Mahalalel_1
class "Jared" as Jared_1
class "Enoch" as Enoch_2
class "Methuselah" as Methuselah_1
class "Lamech" as Lamech_2
class "Noah" as Noah_1
class "Shem" as Shem_1
class "Japheth" as Japheth_1
class "Ham" as Ham_1
class "Canaan" as Canaan_1
class "Gomer" as Gomer_1
class "Magog" as Magog_1
class "Madai" as Madai_1
class "Javan" as Javan_1
class "Tubal" as Tubal_1
class "Meshech" as Meshech_1
class "Tiras" as Tiras_1
class "Ashkenaz" as Ashkenaz_1
class "Riphath" as Riphath_1
class "Togarmah" as Togarmah_1
class "Elishah" as Elishah_1
class "Tarshish" as Tarshish_1
class "Kittim" as Kittim_1
class "Dodanim" as Dodanim_1
class "Cush" as Cush_1
class "Mizraim" as Mizraim_1
class "Put" as Put_1
class "Seba" as Seba_1
class "Havilah" as Havilah_1
class "Sabtah" as Sabtah_1
class "Raamah" as Raamah_1
class "Sabteca" as Sabteca_1
class "Sheba" as Sheba_1
class "Dedan" as Dedan_1
class "Nimrod" as Nimrod_1
class "Lud" as Lud_1
class "Anam" as Anam_1
class "Lehab" as Lehab_1
class "Naphtuh" as Naphtuh_1
class "Pathrus" as Pathrus_1
class "Casluh" as Casluh_1
class "Caphtor" as Caphtor_1
class "Sidon" as Sidon_1
class "Heth" as Heth_1
class "Jebus" as Jebus_1
class "Amor" as Amor_1
class "Girgas" as Girgas_1
class "Hivi" as Hivi_1
class "Ark" as Ark_1
class "Sini" as Sini_1
class "Arvad" as Arvad_1
class "Zemar" as Zemar_1
class "Hamath" as Hamath_1
class "Elam" as Elam_1
class "Asshur" as Asshur_1
class "Arpachshad" as Arpachshad_1
class "Lud" as Lud_2
class "Aram" as Aram_1
class "Uz" as Uz_1
class "Hul" as Hul_1
class "Gether" as Gether_1
class "Mash" as Mash_1
class "Shelah" as Shelah_1
class "Eber" as Eber_1
class "Peleg" as Peleg_1
class "Joktan" as Joktan_1
class "Almodad" as Almodad_1
class "Sheleph" as Sheleph_1
class "Hazarmaveth" as Hazarmaveth_1
class "Jerah" as Jerah_1
class "Hadoram" as Hadoram_1
class "Uzal" as Uzal_1
class "Diklah" as Diklah_1
class "Obal" as Obal_1
class "Abimael" as Abimael_1
class "Sheba" as Sheba_2
class "Ophir" as Ophir_1
class "Havilah" as Havilah_2
class "Jobab" as Jobab_1
class "Reu" as Reu_1
class "Serug" as Serug_1
class "Nahor" as Nahor_1
class "Terah" as Terah_1
class "Abram" as Abram_1
class "Nahor" as Nahor_2
class "Haran" as Haran_1
class "Lot" as Lot_1
class "Sarai" as Sarai_1
class "Milcah" as Milcah_1
class "Iscah" as Iscah_1
class "Pharaoh" as Pharaoh_1
class "Amraphel" as Amraphel_1
class "Arioch" as Arioch_1
class "Chedorlaomer" as Chedorlaomer_1
class "Tidal" as Tidal_1
class "Bera" as Bera_1
class "Birsha" as Birsha_1
class "Shinab" as Shinab_1
class "Shemeber" as Shemeber_1
class "king of Bela" as king_of_Bela_1
class "Mamre" as Mamre_1
class "Eschol" as Eschol_1
class "Aner" as Aner_1
class "Melchizedek" as Melchizedek_1
class "Eliezer" as Eliezer_1
class "Hagar" as Hagar_1
class "the angel of the LORD" as the_angel_of_the_LORD_1
class "Ishmael" as Ishmael_1
class "Isaac" as Isaac_1
class "Wife of Lot" as Wife_of_Lot_1
class "Firstborn of Lot" as Firstborn_of_Lot_1
class "Youngest of Lot" as Youngest_of_Lot_1
class "Moab" as Moab_1
class "Ben-ammi" as Ben_ammi_1
class "Abimelech" as Abimelech_1
class "Phicol" as Phicol_1
class "Uz" as Uz_2
class "Buz" as Buz_1
class "Kemuel" as Kemuel_1
class "Aram" as Aram_2
class "Chesed" as Chesed_1
class "Hazo" as Hazo_1
class "Pildash" as Pildash_1
class "Jidlaph" as Jidlaph_1
class "Bethuel" as Bethuel_1
class "Rebekah" as Rebekah_1
class "Reumah" as Reumah_1
class "Tebah" as Tebah_1
class "Gaham" as Gaham_1
class "Tahash" as Tahash_1
class "Maacah" as Maacah_1
class "Zohar" as Zohar_1
class "Ephron" as Ephron_1
class "Laban" as Laban_1
class "Keturah" as Keturah_1
class "Zimran" as Zimran_1
class "Jokshan" as Jokshan_1
class "Medan" as Medan_1
class "Midian" as Midian_1
class "Ishbak" as Ishbak_1
class "Shuah" as Shuah_1
class "Sheba" as Sheba_3
class "Dedan" as Dedan_2
class "Asshur" as Asshur_2
class "Letush" as Letush_1
class "Leum" as Leum_1
class "Ephah" as Ephah_1
class "Epher" as Epher_1
class "Hanoch" as Hanoch_1
class "Abida" as Abida_1
class "Eldaah" as Eldaah_1
class "Nebaioth" as Nebaioth_1
class "Kedar" as Kedar_1
class "Adbeel" as Adbeel_1
class "Mibsam" as Mibsam_1
class "Mishma" as Mishma_1
class "Dumah" as Dumah_1
class "Massa" as Massa_1
class "Hadad" as Hadad_1
class "Tema" as Tema_1
class "Jetur" as Jetur_1
class "Naphish" as Naphish_1
class "Kedemah" as Kedemah_1
class "Esau" as Esau_1
class "Jacob" as Jacob_1
class "Ahuzzath" as Ahuzzath_1
class "Judith" as Judith_1
class "Beeri" as Beeri_1
class "Basemath" as Basemath_1
class "Elon" as Elon_1
class "Mahalath" as Mahalath_1
class "Rachel" as Rachel_1
class "Leah" as Leah_1
class "Zilpah" as Zilpah_1
class "Bilhah" as Bilhah_1
class "Reuben" as Reuben_1
class "Simeon" as Simeon_1
class "Levi" as Levi_1
class "Judah" as Judah_1
class "Dan" as Dan_1
class "Naphtali" as Naphtali_1
class "Gad" as Gad_1
class "Asher" as Asher_1
class "Issachar" as Issachar_1
class "Zebulun" as Zebulun_1
class "Dinah" as Dinah_1
class "Joseph" as Joseph_1
class "Hamor" as Hamor_1
class "Shechem" as Shechem_1
class "Deborah" as Deborah_1
class "Benjamin" as Benjamin_1
class "Zibeon" as Zibeon_1
class "Eliphaz" as Eliphaz_1
class "Reuel" as Reuel_1
class "Jeush" as Jeush_1
class "Jalam" as Jalam_1
class "Korah" as Korah_1
class "Teman" as Teman_1
class "Omar" as Omar_1
class "Zepho" as Zepho_1
class "Gatam" as Gatam_1
class "Kenaz" as Kenaz_1
class "Timna" as Timna_1
class "Amalek" as Amalek_1
class "Nahath" as Nahath_1
class "Zerah" as Zerah_1
class "Shammah" as Shammah_1
class "Mizzah" as Mizzah_1
class "Korah" as Korah_2
class "Seir" as Seir_1
class "Lotan" as Lotan_1
class "Shobal" as Shobal_1
class "Zibeon" as Zibeon_2
class "Dishon" as Dishon_1
class "Ezer" as Ezer_1
class "Dishan" as Dishan_1
class "Hori" as Hori_1
class "Hemam" as Hemam_1
class "Alvan" as Alvan_1
class "Manahath" as Manahath_1
class "Ebal" as Ebal_1
class "Shepho" as Shepho_1
class "Onam" as Onam_1
class "Aiah" as Aiah_1
class "Dishon" as Dishon_2
class "Hemdan" as Hemdan_1
class "Eshban" as Eshban_1
class "Ithran" as Ithran_1
class "Cheran" as Cheran_1
class "Bilhan" as Bilhan_1
class "Zaavan" as Zaavan_1
class "Akan" as Akan_1
class "Uz" as Uz_3
class "Aran" as Aran_1
class "Bela" as Bela_1
class "Beor" as Beor_1
class "Jobab" as Jobab_2
class "Zerah" as Zerah_2
class "Husham" as Husham_1
class "Hadad" as Hadad_2
class "Bedad" as Bedad_1
class "Samlah" as Samlah_1
class "Shaul" as Shaul_1
class "Baal-hanan" as Baal_hanan_1
class "Achbor" as Achbor_1
class "Hadar" as Hadar_1
class "Mehetabel" as Mehetabel_1
class "Matred" as Matred_1
class "Mezahab" as Mezahab_1
class "Timna" as Timna_2
class "Alvah" as Alvah_1
class "Jetheth" as Jetheth_1
class "Oholibamah" as Oholibamah_1
class "Elah" as Elah_1
class "Pinon" as Pinon_1
class "Mibzar" as Mibzar_1
class "Magdiel" as Magdiel_1
class "Iram" as Iram_1
class "Potiphar" as Potiphar_1
class "Pharaoh" as Pharaoh_2
class "Hirah" as Hirah_1
class "Shua" as Shua_1
class "Er" as Er_1
class "Onan" as Onan_1
class "Shelah" as Shelah_2
class "Tamar" as Tamar_1
class "Perez" as Perez_1
class "Zerah" as Zerah_3
class "Asenath" as Asenath_1
class "Potiphera" as Potiphera_1
class "Manasseh" as Manasseh_1
class "Ephraim" as Ephraim_1
class "Hanoch" as Hanoch_2
class "Pallu" as Pallu_1
class "Hezron" as Hezron_1
class "Carmi" as Carmi_1
class "Jemuel" as Jemuel_1
class "Jamin" as Jamin_1
class "Ohad" as Ohad_1
class "Jachin" as Jachin_1
class "Zohar" as Zohar_2
class "Shaul" as Shaul_2
class "Gershon" as Gershon_1
class "Kohath" as Kohath_1
class "Merari" as Merari_1
class "Hezron" as Hezron_2
class "Hamul" as Hamul_1
class "Tola" as Tola_1
class "Puvvah" as Puvvah_1
class "Iob" as Iob_1
class "Shimron" as Shimron_1
class "Sered" as Sered_1
class "Elon" as Elon_2
class "Jahleel" as Jahleel_1
class "Ziphion" as Ziphion_1
class "Haggi" as Haggi_1
class "Shuni" as Shuni_1
class "Ezbon" as Ezbon_1
class "Eri" as Eri_1
class "Arodi" as Arodi_1
class "Areli" as Areli_1
class "Imnah" as Imnah_1
class "Ishvah" as Ishvah_1
class "Ishvi" as Ishvi_1
class "Beriah" as Beriah_1
class "Serah" as Serah_1
class "Heber" as Heber_1
class "Malchiel" as Malchiel_1
class "Bela" as Bela_2
class "Becher" as Becher_1
class "Ashbel" as Ashbel_1
class "Gera" as Gera_1
class "Naaman" as Naaman_1
class "Ehi" as Ehi_1
class "Rosh" as Rosh_1
class "Muppim" as Muppim_1
class "Huppim" as Huppim_1
class "Ard" as Ard_1
class "Hushim" as Hushim_1
class "Jahzeel" as Jahzeel_1
class "Guni" as Guni_1
class "Jezer" as Jezer_1
class "Shillem" as Shillem_1
class "Machir" as Machir_1
class "king of Egypt" as king_of_Egypt_1
class "Shiphrah" as Shiphrah_1
class "Puah" as Puah_1
class "Moses" as Moses_1
class "Reuel" as Reuel_2
class "Zipporah" as Zipporah_1
class "Gershom" as Gershom_1
class "Pharaoh" as Pharaoh_3
class "Aaron" as Aaron_1
class "Libni" as Libni_1
class "Shimei" as Shimei_1
class "Amram" as Amram_1
class "Izhar" as Izhar_1
class "Hebron" as Hebron_1
class "Uzziel" as Uzziel_1
class "Mahli" as Mahli_1
class "Mushi" as Mushi_1
class "Jochebed" as Jochebed_1
class "Korah" as Korah_3
class "Nepheg" as Nepheg_1
class "Zichri" as Zichri_1
class "Mishael" as Mishael_1
class "Elzaphan" as Elzaphan_1
class "Sithri" as Sithri_1
class "Elisheba" as Elisheba_1
class "Amminadab" as Amminadab_1
class "Nahshon" as Nahshon_1
class "Nadab" as Nadab_1
class "Abihu" as Abihu_1
class "Eleazar" as Eleazar_1
class "Ithamar" as Ithamar_1
class "Assir" as Assir_1
class "Elkanah" as Elkanah_1
class "Abiasaph" as Abiasaph_1
class "Putiel" as Putiel_1
class "Phinehas" as Phinehas_1
class "Miriam" as Miriam_1
class "Joshua" as Joshua_1
class "Hur" as Hur_1
class "Eliezer" as Eliezer_2
class "Bezalel" as Bezalel_1
class "Uri" as Uri_1
class "Oholiab" as Oholiab_1
class "Ahisamach" as Ahisamach_1
class "Nun" as Nun_1
class "Elizur" as Elizur_1
class "Shedeur" as Shedeur_1
class "Shelumiel" as Shelumiel_1
class "Zurishaddai" as Zurishaddai_1
class "Nethanel" as Nethanel_1
class "Zuar" as Zuar_1
class "Eliab" as Eliab_1
class "Helon" as Helon_1
class "Elishama" as Elishama_1
class "Ammihud" as Ammihud_1
class "Gamaliel" as Gamaliel_1
class "Pedahzur" as Pedahzur_1
class "Abidan" as Abidan_1
class "Gideoni" as Gideoni_1
class "Ahiezer" as Ahiezer_1
class "Ammishaddai" as Ammishaddai_1
class "Pagiel" as Pagiel_1
class "Ochran" as Ochran_1
class "Eliasaph" as Eliasaph_1
class "Deuel" as Deuel_1
class "Ahira" as Ahira_1
class "Enan" as Enan_1
class "Zuriel" as Zuriel_1
class "Abihail" as Abihail_1
class "Hobab" as Hobab_1
class "Eldad" as Eldad_1
class "Medad" as Medad_1
class "Shammua" as Shammua_1
class "Zaccur" as Zaccur_1
class "Shaphat" as Shaphat_1
class "Hori" as Hori_2
class "Caleb" as Caleb_1
class "Jephunneh" as Jephunneh_1
class "Igal" as Igal_1
class "Joseph" as Joseph_2
class "Palti" as Palti_1
class "Raphu" as Raphu_1
class "Gaddiel" as Gaddiel_1
class "Sodi" as Sodi_1
class "Gaddi" as Gaddi_1
class "Susi" as Susi_1
class "Ammiel" as Ammiel_1
class "Gemalli" as Gemalli_1
class "Sethur" as Sethur_1
class "Michael" as Michael_1
class "Nahbi" as Nahbi_1
class "Vophsi" as Vophsi_1
class "Geuel" as Geuel_1
class "Machi" as Machi_1
class "Dathan" as Dathan_1
class "Abiram" as Abiram_1
class "Eliab" as Eliab_2
class "On" as On_1
class "Peleth" as Peleth_1
class "king of Edom" as king_of_Edom_1
class "king of Arad" as king_of_Arad_1
class "Sihon" as Sihon_1
class "Og" as Og_1
class "Balak" as Balak_1
class "Zippor" as Zippor_1
class "Balaam" as Balaam_1
class "Beor" as Beor_2
class "Zimri" as Zimri_1
class "Salu" as Salu_1
class "Cozbi" as Cozbi_1
class "Zur" as Zur_1
class "Nemuel" as Nemuel_1
class "Gilead" as Gilead_1
class "Iezer" as Iezer_1
class "Helek" as Helek_1
class "Asriel" as Asriel_1
class "Shechem" as Shechem_2
class "Shemida" as Shemida_1
class "Hepher" as Hepher_1
class "Zelophehad" as Zelophehad_1
class "Mahlah" as Mahlah_1
class "Noah" as Noah_2
class "Hoglah" as Hoglah_1
class "Milcah" as Milcah_2
class "Tirzah" as Tirzah_1
class "Shuthelah" as Shuthelah_1
class "Becher" as Becher_2
class "Tahan" as Tahan_1
class "Eran" as Eran_1
class "Evi" as Evi_1
class "Rekem" as Rekem_1
class "Zur" as Zur_2
class "Hur" as Hur_2
class "Reba" as Reba_1
class "Jair" as Jair_1
class "Samuel" as Samuel_1
class "Ammihud" as Ammihud_2
class "Elidad" as Elidad_1
class "Chislon" as Chislon_1
class "Bukki" as Bukki_1
class "Jogli" as Jogli_1
class "Hanniel" as Hanniel_1
class "Ephod" as Ephod_1
class "Kemuel" as Kemuel_2
class "Shiphtan" as Shiphtan_1
class "Elizaphan" as Elizaphan_1
class "Parnach" as Parnach_1
class "Paltiel" as Paltiel_1
class "Azzan" as Azzan_1
class "Ahihud" as Ahihud_1
class "Shelomi" as Shelomi_1
class "Pedahel" as Pedahel_1
class "Ammihud" as Ammihud_3
class "Rahab" as Rahab_1
class "king of Jericho" as king_of_Jericho_1
class "Achan" as Achan_1
class "Carmi" as Carmi_2
class "Zabdi" as Zabdi_1
class "king of Ai" as king_of_Ai_1
class "Adoni-zedek" as Adoni_zedek_1
class "Hoham" as Hoham_1
class "Piram" as Piram_1
class "Japhia" as Japhia_1
class "Debir" as Debir_1
class "king of Makkedah" as king_of_Makkedah_1
class "Horam" as Horam_1
class "Jabin" as Jabin_1
class "Jobab" as Jobab_3
class "king of Shimron" as king_of_Shimron_1
class "king of Achshaph" as king_of_Achshaph_1
class "king of Debir" as king_of_Debir_1
class "king of Geder" as king_of_Geder_1
class "king of Hormah" as king_of_Hormah_1
class "king of Arad" as king_of_Arad_2
class "king of Libnah" as king_of_Libnah_1
class "king of Adullam" as king_of_Adullam_1
class "king of Bethel" as king_of_Bethel_1
class "king of Tappuah" as king_of_Tappuah_1
class "king of Hepher" as king_of_Hepher_1
class "king of Aphek" as king_of_Aphek_1
class "king of Lasharon" as king_of_Lasharon_1
class "king of Taanach" as king_of_Taanach_1
class "king of Megiddo" as king_of_Megiddo_1
class "king of Kedesh" as king_of_Kedesh_1
class "king of Jokneam" as king_of_Jokneam_1
class "king of Dor" as king_of_Dor_1
class "king of Goiim in Gilgal" as king_of_Goiim_in_Gilgal_1
class "king of Tirzah" as king_of_Tirzah_1
class "Arba" as Arba_1
class "Bohan" as Bohan_1
class "Anak" as Anak_1
class "Sheshai" as Sheshai_1
class "Ahiman" as Ahiman_1
class "Talmai" as Talmai_1
class "Achsah" as Achsah_1
class "Othniel" as Othniel_1
class "Kenaz" as Kenaz_2
class "Adoni-bezek" as Adoni_bezek_1
class "Cushan-rishathaim" as Cushan_rishathaim_1
class "Eglon" as Eglon_1
class "Ehud" as Ehud_1
class "Gera" as Gera_2
class "Shamgar" as Shamgar_1
class "Anath" as Anath_1
class "Sisera" as Sisera_1
class "Deborah" as Deborah_2
class "Lappidoth" as Lappidoth_1
class "Barak" as Barak_1
class "Abinoam" as Abinoam_1
class "Heber" as Heber_2
class "Jael" as Jael_1
class "Joash" as Joash_1
class "Gideon" as Gideon_1
class "Purah" as Purah_1
class "Oreb" as Oreb_1
class "Zeeb" as Zeeb_1
class "Zebah" as Zebah_1
class "Zalmunna" as Zalmunna_1
class "Jether" as Jether_1
class "Abimelech" as Abimelech_2
class "Jotham" as Jotham_1
class "Gaal" as Gaal_1
class "Ebed" as Ebed_1
class "Zebul" as Zebul_1
class "Tola" as Tola_2
class "Puah" as Puah_2
class "Dodo" as Dodo_1
class "Jephthah" as Jephthah_1
class "Gilead" as Gilead_2
class "Ibzan" as Ibzan_1
class "Elon" as Elon_3
class "Abdon" as Abdon_1
class "Hillel" as Hillel_1
class "Manoah" as Manoah_1
class "Samson" as Samson_1
class "Delilah" as Delilah_1
class "Micah" as Micah_1
class "Jonathan" as Jonathan_1
class "Gershom" as Gershom_2
class "Manasseh" as Manasseh_2
class "Elimelech" as Elimelech_1
class "Naomi" as Naomi_1
class "Mahlon" as Mahlon_1
class "Chilion" as Chilion_1
class "Orpah" as Orpah_1
class "Ruth" as Ruth_1
class "Boaz" as Boaz_1
class "Obed" as Obed_1
class "Jesse" as Jesse_1
class "David" as David_1
class "Ram" as Ram_1
class "Salmon" as Salmon_1
class "Elkanah" as Elkanah_2
class "Jeroham" as Jeroham_1
class "Elihu" as Elihu_1
class "Tohu" as Tohu_1
class "Zuph" as Zuph_1
class "Hannah" as Hannah_1
class "Peninnah" as Peninnah_1
class "Eli" as Eli_1
class "Hophni" as Hophni_1
class "Phinehas" as Phinehas_2
class "Samuel" as Samuel_2
class "Ichabod" as Ichabod_1
class "Joshua" as Joshua_2
class "Abinadab" as Abinadab_1
class "Eleazar" as Eleazar_2
class "Joel" as Joel_1
class "Abijah" as Abijah_1
class "Kish" as Kish_1
class "Abiel" as Abiel_1
class "Zeror" as Zeror_1
class "Becorath" as Becorath_1
class "Aphiah" as Aphiah_1
class "Saul" as Saul_1
class "Nahash" as Nahash_1
class "Sisera" as Sisera_2
class "Jonathan" as Jonathan_2
class "Ahijah" as Ahijah_1
class "Ahitub" as Ahitub_1
class "Ishvi" as Ishvi_2
class "Malchi-shua" as Malchi_shua_1
class "Merab" as Merab_1
class "Michal" as Michal_1
class "Ahinoam" as Ahinoam_1
class "Ahimaaz" as Ahimaaz_1
class "Abner" as Abner_1
class "Ner" as Ner_1
class "Agag" as Agag_1
class "Eliab" as Eliab_3
class "Abinadab" as Abinadab_2
class "Shammah" as Shammah_2
class "Goliath" as Goliath_1
class "Adriel" as Adriel_1
class "Ahimelech" as Ahimelech_1
class "Doeg" as Doeg_1
class "Achish" as Achish_1
class "king of Moab" as king_of_Moab_1
class "Gad" as Gad_2
class "Abiathar" as Abiathar_1
class "Nabal" as Nabal_1
class "Abigail" as Abigail_1
class "Ahinoam" as Ahinoam_2
class "Palti" as Palti_2
class "Laish" as Laish_1
class "Ahimelech" as Ahimelech_2
class "Abishai" as Abishai_1
class "Zeruiah" as Zeruiah_1
class "Joab" as Joab_1
class "Maoch" as Maoch_1
class "Ish-bosheth" as Ish_bosheth_1
class "Asahel" as Asahel_1
class "Amnon" as Amnon_1
class "Chileab" as Chileab_1
class "Absalom" as Absalom_1
class "Maacah" as Maacah_2
class "Talmai" as Talmai_2
class "Adonijah" as Adonijah_1
class "Haggith" as Haggith_1
class "Shephatiah" as Shephatiah_1
class "Abital" as Abital_1
class "Ithream" as Ithream_1
class "Eglah" as Eglah_1
class "Rizpah" as Rizpah_1
class "Aiah" as Aiah_2
class "Baanah" as Baanah_1
class "Rechab" as Rechab_1
class "Rimmon" as Rimmon_1
class "Mephibosheth" as Mephibosheth_1
class "Hiram" as Hiram_1
class "Shammua" as Shammua_2
class "Shobab" as Shobab_1
class "Nathan" as Nathan_1
class "Solomon" as Solomon_1
class "Ibhar" as Ibhar_1
class "Elishua" as Elishua_1
class "Nepheg" as Nepheg_2
class "Japhia" as Japhia_2
class "Elishama" as Elishama_2
class "Eliada" as Eliada_1
class "Eliphelet" as Eliphelet_1
class "Uzzah" as Uzzah_1
class "Ahio" as Ahio_1
class "Obed-edom" as Obed_edom_1
class "Nathan" as Nathan_2
class "Hadadezer" as Hadadezer_1
class "Rehob" as Rehob_1
class "Toi" as Toi_1
class "Joram" as Joram_1
class "Jehoshaphat" as Jehoshaphat_1
class "Ahilud" as Ahilud_1
class "Zadok" as Zadok_1
class "Ahitub" as Ahitub_2
class "Ahimelech" as Ahimelech_3
class "Seraiah" as Seraiah_1
class "Benaiah" as Benaiah_1
class "Jehoiada" as Jehoiada_1
class "Ziba" as Ziba_1
class "Machir" as Machir_2
class "Ammiel" as Ammiel_2
class "Mica" as Mica_1
class "Hanun" as Hanun_1
class "Shobach" as Shobach_1
class "Bathsheba" as Bathsheba_1
class "Eliam" as Eliam_1
class "Uriah" as Uriah_1
class "Abimelech" as Abimelech_3
class "Jerubbesheth" as Jerubbesheth_1
class "Tamar" as Tamar_2
class "Jonadab" as Jonadab_1
class "Ammihud" as Ammihud_4
class "Tamar" as Tamar_3
class "Ahithophel" as Ahithophel_1
class "Ittai" as Ittai_1
class "Ahimaaz" as Ahimaaz_2
class "Jonathan" as Jonathan_3
class "Hushai" as Hushai_1
class "Shimei" as Shimei_2
class "Gera" as Gera_3
class "Amasa" as Amasa_1
class "Ithra" as Ithra_1
class "Abigail" as Abigail_2
class "Shobi" as Shobi_1
class "Barzillai" as Barzillai_1
class "Chimham" as Chimham_1
class "Sheba" as Sheba_4
class "Bichri" as Bichri_1
class "Adoram" as Adoram_1
class "Ira" as Ira_1
class "Armoni" as Armoni_1
class "Mephibosheth" as Mephibosheth_2
class "Ishbi-benob" as Ishbi_benob_1
class "Raphah" as Raphah_1
class "Sibbecai" as Sibbecai_1
class "Saph" as Saph_1
class "Elhanan" as Elhanan_1
class "Jaare-oregim" as Jaare_oregim_1
class "Jonathan" as Jonathan_4
class "Josheb-basshebeth" as Josheb_basshebeth_1
class "Eleazar" as Eleazar_3
class "Dodo" as Dodo_2
class "Shammah" as Shammah_3
class "Agee" as Agee_1
class "Ariel" as Ariel_1
class "Shammah" as Shammah_4
class "Elika" as Elika_1
class "Helez" as Helez_1
class "Ira" as Ira_2
class "Ikkesh" as Ikkesh_1
class "Abiezer" as Abiezer_1
class "Mebunnai" as Mebunnai_1
class "Zalmon" as Zalmon_1
class "Maharai" as Maharai_1
class "Heleb" as Heleb_1
class "Baanah" as Baanah_2
class "Ribai" as Ribai_1
class "Benaiah" as Benaiah_2
class "Hiddai" as Hiddai_1
class "Abi-albon" as Abi_albon_1
class "Azmaveth" as Azmaveth_1
class "Eliahba" as Eliahba_1
class "Jashen" as Jashen_1
class "Jonathan" as Jonathan_5
class "Shammah" as Shammah_5
class "Ahiam" as Ahiam_1
class "Sharar" as Sharar_1
class "Eliphelet" as Eliphelet_2
class "Ahasbai" as Ahasbai_1
class "Eliam" as Eliam_2
class "Hezro" as Hezro_1
class "Paarai" as Paarai_1
class "Igal" as Igal_2
class "Nathan" as Nathan_3
class "Bani" as Bani_1
class "Zelek" as Zelek_1
class "Naharai" as Naharai_1
class "Ira" as Ira_3
class "Gareb" as Gareb_1
class "Araunah" as Araunah_1
class "Abishag" as Abishag_1
class "Rei" as Rei_1
class "Azariah" as Azariah_1
class "Elihoreph" as Elihoreph_1
class "Ahijah" as Ahijah_2
class "Shisha" as Shisha_1
class "Azariah" as Azariah_2
class "Nathan" as Nathan_4
class "Zabud" as Zabud_1
class "Nathan" as Nathan_5
class "Ahishar" as Ahishar_1
class "Adoniram" as Adoniram_1
class "Abda" as Abda_1
class "Ben-hur" as Ben_hur_1
class "Ben-deker" as Ben_deker_1
class "Ben-hesed" as Ben_hesed_1
class "Ben-abinadab" as Ben_abinadab_1
class "Taphath" as Taphath_1
class "Baana" as Baana_1
class "Ahilud" as Ahilud_2
class "Ben-geber" as Ben_geber_1
class "Ahinadab" as Ahinadab_1
class "Iddo" as Iddo_1
class "Ahimaaz" as Ahimaaz_3
class "Basemath" as Basemath_2
class "Baana" as Baana_2
class "Hushai" as Hushai_2
class "Jehoshaphat" as Jehoshaphat_2
class "Paruah" as Paruah_1
class "Shimei" as Shimei_3
class "Ela" as Ela_1
class "Geber" as Geber_1
class "Uri" as Uri_2
class "Ethan" as Ethan_1
class "Heman" as Heman_1
class "Calcol" as Calcol_1
class "Darda" as Darda_1
class "Mahol" as Mahol_1
class "Hiram" as Hiram_2
class "Pharaoh" as Pharaoh_4
class "Queen of Sheba" as Queen_of_Sheba_1
class "Hadad" as Hadad_3
class "Tahpenes" as Tahpenes_1
class "Genubath" as Genubath_1
class "Rezon" as Rezon_1
class "Eliada" as Eliada_2
class "Jeroboam" as Jeroboam_1
class "Nebat" as Nebat_1
class "Zeruah" as Zeruah_1
class "Rehoboam" as Rehoboam_1
class "Shemaiah" as Shemaiah_1
class "Josiah" as Josiah_1
class "Abijah" as Abijah_2
class "Nadab" as Nadab_2
class "Naamah" as Naamah_2
class "Shishak" as Shishak_1
class "Abijam" as Abijam_1
class "Maacah" as Maacah_3
class "Abishalom" as Abishalom_1
class "Asa" as Asa_1
class "Baasha" as Baasha_1
class "Ben-hadad" as Ben_hadad_1
class "Tabrimmon" as Tabrimmon_1
class "Hezion" as Hezion_1
class "Jehoshaphat" as Jehoshaphat_3
class "Jehu" as Jehu_1
class "Hanani" as Hanani_1
class "Elah" as Elah_2
class "Zimri" as Zimri_2
class "Arza" as Arza_1
class "Omri" as Omri_1
class "Tibni" as Tibni_1
class "Ginath" as Ginath_1
class "Shemer" as Shemer_1
class "Ahab" as Ahab_1
class "Jezebel" as Jezebel_1
class "Ethbaal" as Ethbaal_1
class "Hiel" as Hiel_1
class "Abiram" as Abiram_2
class "Segub" as Segub_1
class "Elijah" as Elijah_1
class "Obadiah" as Obadiah_1
class "Hazael" as Hazael_1
class "Jehu" as Jehu_2
class "Nimshi" as Nimshi_1
class "Elisha" as Elisha_1
class "Shaphat" as Shaphat_2
class "Naboth" as Naboth_1
class "Micaiah" as Micaiah_1
class "Imlah" as Imlah_1
class "Zedekiah" as Zedekiah_1
class "Chenaanah" as Chenaanah_1
class "Amon" as Amon_1
class "Joash" as Joash_2
class "Ahaziah" as Ahaziah_1
class "Azubah" as Azubah_1
class "Shilhi" as Shilhi_1
class "Jehoram" as Jehoram_1
class "Jehoram" as Jehoram_2
class "Mesha" as Mesha_1
class "Gehazi" as Gehazi_1
class "Naaman" as Naaman_2
class "Ahaziah" as Ahaziah_2
class "Athaliah" as Athaliah_1
class "Jehoshaphat" as Jehoshaphat_4
class "Bidkar" as Bidkar_1
class "Jehonadab" as Jehonadab_1
class "Rechab" as Rechab_2
class "Jehoahaz" as Jehoahaz_1
class "Jehosheba" as Jehosheba_1
class "Joash" as Joash_3
class "Jehoiada" as Jehoiada_2
class "Mattan" as Mattan_1
class "Zibiah" as Zibiah_1
class "Jozacar" as Jozacar_1
class "Shimeath" as Shimeath_1
class "Jehozabad" as Jehozabad_1
class "Shomer" as Shomer_1
class "Amaziah" as Amaziah_1
class "Joash" as Joash_4
class "Jeroboam" as Jeroboam_2
class "Jehoaddin" as Jehoaddin_1
class "Azariah" as Azariah_3
class "Jonah" as Jonah_1
class "Amittai" as Amittai_1
class "Zechariah" as Zechariah_1
class "Jecoliah" as Jecoliah_1
class "Jotham" as Jotham_2
class "Shallum" as Shallum_1
class "Jabesh" as Jabesh_1
class "Uzziah" as Uzziah_1
class "Menachem" as Menachem_1
class "Gadi" as Gadi_1
class "Pul" as Pul_1
class "Pekahiah" as Pekahiah_1
class "Pekah" as Pekah_1
class "Remaliah" as Remaliah_1
class "Argob" as Argob_1
class "Arieh" as Arieh_1
class "Tiglath-pileser" as Tiglath_pileser_1
class "Hoshea" as Hoshea_1
class "Elah" as Elah_3
class "Jotham" as Jotham_3
class "Jerusha" as Jerusha_1
class "Zadok" as Zadok_2
class "Rezin" as Rezin_1
class "Ahaz" as Ahaz_1
class "Urijah" as Urijah_1
class "Hezekiah" as Hezekiah_1
class "Shalmaneser" as Shalmaneser_1
class "So" as So_1
class "Abi" as Abi_1
class "Zechariah" as Zechariah_2
class "Sennacherib" as Sennacherib_1
class "Tartan" as Tartan_1
class "Rab-saris" as Rab_saris_1
class "Rabshakeh" as Rabshakeh_1
class "Eliakim" as Eliakim_1
class "Hilkiah" as Hilkiah_1
class "Shebnah" as Shebnah_1
class "Joah" as Joah_1
class "Asaph" as Asaph_1
class "Isaiah" as Isaiah_1
class "Amoz" as Amoz_1
class "Tirhakah" as Tirhakah_1
class "Adrammelech" as Adrammelech_1
class "Sharezer" as Sharezer_1
class "Esarhaddon" as Esarhaddon_1
class "Berodach-baladan" as Berodach_baladan_1
class "Baladan" as Baladan_1
class "Manasseh" as Manasseh_3
class "Hephzibah" as Hephzibah_1
class "Uzza" as Uzza_1
class "Amon" as Amon_2
class "Meshullemeth" as Meshullemeth_1
class "Haruz" as Haruz_1
class "Josiah" as Josiah_2
class "Jedidah" as Jedidah_1
class "Adaiah" as Adaiah_1
class "Shaphan" as Shaphan_1
class "Azaliah" as Azaliah_1
class "Meshullam" as Meshullam_1
class "Hilkiah" as Hilkiah_2
class "Ahikam" as Ahikam_1
class "Achbor" as Achbor_2
class "Micaiah" as Micaiah_2
class "Asaiah" as Asaiah_1
class "Huldah" as Huldah_1
class "Shallum" as Shallum_2
class "Tikvah" as Tikvah_1
class "Harhas" as Harhas_1
class "Nathan-melech" as Nathan_melech_1
class "Pharaoh Neco" as Pharaoh_Neco_1
class "Jehoahaz" as Jehoahaz_2
class "Hamutal" as Hamutal_1
class "Jeremiah" as Jeremiah_1
class "Eliakim" as Eliakim_2
class "Zebidah" as Zebidah_1
class "Pedaiah" as Pedaiah_1
class "Nebuchadnezzar" as Nebuchadnezzar_1
class "Jehoiachin" as Jehoiachin_1
class "Nehushta" as Nehushta_1
class "Elnathan" as Elnathan_1
class "Mattaniah" as Mattaniah_1
class "Nebuzaradan" as Nebuzaradan_1
class "Gedaliah" as Gedaliah_1
class "Ishmael" as Ishmael_2
class "Nethaniah" as Nethaniah_1
class "Johanan" as Johanan_1
class "Kareah" as Kareah_1
class "Seraiah" as Seraiah_2
class "Tanhumeth" as Tanhumeth_1
class "Jaazaniah" as Jaazaniah_1
class "Elishama" as Elishama_3
class "Evil-merodach" as Evil_merodach_1
class "Bath-shua" as Bath_shua_1
class "Ethan" as Ethan_2
class "Heman" as Heman_2
class "Calcol" as Calcol_2
class "Dara" as Dara_1
class "Azariah" as Azariah_4
class "Jerahmeel" as Jerahmeel_1
class "Chelubai" as Chelubai_1
class "Nethanel" as Nethanel_2
class "Raddai" as Raddai_1
class "Ozem" as Ozem_1
class "Azubah" as Azubah_2
class "Jerioth" as Jerioth_1
class "Jesher" as Jesher_1
class "Shobab" as Shobab_2
class "Ardon" as Ardon_1
class "Ephrath" as Ephrath_1
class "Segub" as Segub_2
class "Abijah" as Abijah_3
class "Ashhur" as Ashhur_1
class "Tekoa" as Tekoa_1
class "Ram" as Ram_2
class "Bunah" as Bunah_1
class "Oren" as Oren_1
class "Ozem" as Ozem_2
class "Ahijah" as Ahijah_3
class "Atarah" as Atarah_1
class "Onam" as Onam_2
class "Maaz" as Maaz_1
class "Jamin" as Jamin_2
class "Eker" as Eker_1
class "Shammai" as Shammai_1
class "Jada" as Jada_1
class "Nadab" as Nadab_3
class "Abishur" as Abishur_1
class "Abihail" as Abihail_2
class "Ahban" as Ahban_1
class "Molid" as Molid_1
class "Seled" as Seled_1
class "Appaim" as Appaim_1
class "Ishi" as Ishi_1
class "Sheshan" as Sheshan_1
class "Ahlai" as Ahlai_1
class "Jether" as Jether_2
class "Jonathan" as Jonathan_6
class "Peleth" as Peleth_2
class "Zaza" as Zaza_1
class "Jarha" as Jarha_1
class "Attai" as Attai_1
class "Nathan" as Nathan_6
class "Zabad" as Zabad_1
class "Ephlal" as Ephlal_1
class "Obed" as Obed_2
class "Jehu" as Jehu_3
class "Azariah" as Azariah_5
class "Helez" as Helez_2
class "Eleasah" as Eleasah_1
class "Sismai" as Sismai_1
class "Shallum" as Shallum_3
class "Jekamiah" as Jekamiah_1
class "Elishama" as Elishama_4
class "Mesha" as Mesha_2
class "Ziph" as Ziph_1
class "Mareshah" as Mareshah_1
class "Hebron" as Hebron_2
class "Korah" as Korah_4
class "Tappuah" as Tappuah_1
class "Rekem" as Rekem_2
class "Shema" as Shema_1
class "Raham" as Raham_1
class "Jorkeam" as Jorkeam_1
class "Shammai" as Shammai_2
class "Maon" as Maon_1
class "Bethzur" as Bethzur_1
class "Ephah" as Ephah_2
class "Haran" as Haran_2
class "Moza" as Moza_1
class "Gazez" as Gazez_1
class "Gazez" as Gazez_2
class "Jahdai" as Jahdai_1
class "Regem" as Regem_1
class "Jotham" as Jotham_4
class "Geshan" as Geshan_1
class "Pelet" as Pelet_1
class "Ephah" as Ephah_3
class "Shaaph" as Shaaph_1
class "Maacah" as Maacah_4
class "Sheber" as Sheber_1
class "Tirhanah" as Tirhanah_1
class "Shaaph" as Shaaph_2
class "Madmannah" as Madmannah_1
class "Sheva" as Sheva_1
class "Machbena" as Machbena_1
class "Gibea" as Gibea_1
class "Achsah" as Achsah_2
class "Shobal" as Shobal_2
class "Salma" as Salma_1
class "Hareph" as Hareph_1
class "Haroeh" as Haroeh_1
class "Eliphelet" as Eliphelet_3
class "Nogah" as Nogah_1
class "Shallum" as Shallum_4
class "Zedekiah" as Zedekiah_2
class "Shealtiel" as Shealtiel_1
class "Malchiram" as Malchiram_1
class "Pedaiah" as Pedaiah_2
class "Shenazzar" as Shenazzar_1
class "Jekamiah" as Jekamiah_2
class "Hoshama" as Hoshama_1
class "Nedabiah" as Nedabiah_1
class "Zerubbabel" as Zerubbabel_1
class "Shimei" as Shimei_4
class "Meshullam" as Meshullam_2
class "Hananiah" as Hananiah_1
class "Shelomith" as Shelomith_1
class "Hashubah" as Hashubah_1
class "Ohel" as Ohel_1
class "Berechiah" as Berechiah_1
class "Hasadiah" as Hasadiah_1
class "Jushab-hesed" as Jushab_hesed_1
class "Pelatiah" as Pelatiah_1
class "Jeshaiah" as Jeshaiah_1
class "Rephaiah" as Rephaiah_1
class "Arnan" as Arnan_1
class "Obadiah" as Obadiah_2
class "Shecaniah" as Shecaniah_1
class "Shemaiah" as Shemaiah_2
class "Hattush" as Hattush_1
class "Igal" as Igal_3
class "Bariah" as Bariah_1
class "Neariah" as Neariah_1
class "Shaphat" as Shaphat_3
class "Elioenai" as Elioenai_1
class "Hizkiah" as Hizkiah_1
class "Azrikam" as Azrikam_1
class "Hodaviah" as Hodaviah_1
class "Eliashib" as Eliashib_1
class "Pelaiah" as Pelaiah_1
class "Akkub" as Akkub_1
class "Johanan" as Johanan_2
class "Delaiah" as Delaiah_1
class "Anani" as Anani_1
class "Reaiah" as Reaiah_1
class "Jahath" as Jahath_1
class "Ahumai" as Ahumai_1
class "Lahad" as Lahad_1
class "Etam" as Etam_1
class "Jezreel" as Jezreel_1
class "Ishma" as Ishma_1
class "Idbash" as Idbash_1
class "Hazzelelponi" as Hazzelelponi_1
class "Penuel" as Penuel_1
class "Gedor" as Gedor_1
class "Ezer" as Ezer_2
class "Hushah" as Hushah_1
class "Helah" as Helah_1
class "Naarah" as Naarah_1
class "Ahuzzam" as Ahuzzam_1
class "Hepher" as Hepher_2
class "Temeni" as Temeni_1
class "Haahashtari" as Haahashtari_1
class "Zereth" as Zereth_1
class "Izhar" as Izhar_2
class "Ethnan" as Ethnan_1
class "Koz" as Koz_1
class "Anub" as Anub_1
class "Zobebah" as Zobebah_1
class "Harum" as Harum_1
class "Aharhel" as Aharhel_1
class "Jabez" as Jabez_1
class "Chelub" as Chelub_1
class "Shuhah" as Shuhah_1
class "Mehir" as Mehir_1
class "Eshton" as Eshton_1
class "Beth-rapha" as Beth_rapha_1
class "Paseah" as Paseah_1
class "Tehinnah" as Tehinnah_1
class "Seraiah" as Seraiah_3
class "Hathath" as Hathath_1
class "Meonothai" as Meonothai_1
class "Ophrah" as Ophrah_1
class "Joab" as Joab_2
class "Iru" as Iru_1
class "Elah" as Elah_4
class "Naam" as Naam_1
class "Kenaz" as Kenaz_3
class "Jehallelel" as Jehallelel_1
class "Ziph" as Ziph_2
class "Ziphah" as Ziphah_1
class "Tiria" as Tiria_1
class "Asarel" as Asarel_1
class "Ezrah" as Ezrah_1
class "Jether" as Jether_3
class "Mered" as Mered_1
class "Epher" as Epher_2
class "Jalon" as Jalon_1
class "Bithia" as Bithia_1
class "Pharaoh" as Pharaoh_5
class "Miriam" as Miriam_2
class "Shammai" as Shammai_3
class "Ishbah" as Ishbah_1
class "Eshtemoa" as Eshtemoa_1
class "Jered" as Jered_1
class "Gedor" as Gedor_2
class "Heber" as Heber_3
class "Soco" as Soco_1
class "Jekuthiel" as Jekuthiel_1
class "Zanoah" as Zanoah_1
class "Hodiah" as Hodiah_1
class "Naham" as Naham_1
class "Keilah" as Keilah_1
class "Eshtemoa" as Eshtemoa_2
class "Shimon" as Shimon_1
class "Amnon" as Amnon_2
class "Rinnah" as Rinnah_1
class "Benhanan" as Benhanan_1
class "Tilon" as Tilon_1
class "Ishi" as Ishi_2
class "Zoheth" as Zoheth_1
class "Ben-zoheth" as Ben_zoheth_1
class "Er" as Er_2
class "Lecah" as Lecah_1
class "Laadah" as Laadah_1
class "Mareshah" as Mareshah_2
class "Jokim" as Jokim_1
class "Joash" as Joash_5
class "Saraph" as Saraph_1
class "Jashubi-lehem" as Jashubi_lehem_1
class "Shallum" as Shallum_5
class "Mibsam" as Mibsam_2
class "Mishma" as Mishma_2
class "Hammuel" as Hammuel_1
class "Zaccur" as Zaccur_2
class "Shimei" as Shimei_5
class "Meshobab" as Meshobab_1
class "Jamlech" as Jamlech_1
class "Joshah" as Joshah_1
class "Amaziah" as Amaziah_2
class "Joel" as Joel_2
class "Jehu" as Jehu_4
class "Joshibiah" as Joshibiah_1
class "Seraiah" as Seraiah_4
class "Asiel" as Asiel_1
class "Elioenai" as Elioenai_2
class "Jaakobah" as Jaakobah_1
class "Jeshohaiah" as Jeshohaiah_1
class "Asaiah" as Asaiah_2
class "Adiel" as Adiel_1
class "Jesimiel" as Jesimiel_1
class "Benaiah" as Benaiah_3
class "Ziza" as Ziza_1
class "Shiphi" as Shiphi_1
class "Allon" as Allon_1
class "Jedaiah" as Jedaiah_1
class "Shimri" as Shimri_1
class "Shemaiah" as Shemaiah_3
class "Pelatiah" as Pelatiah_2
class "Neariah" as Neariah_2
class "Rephaiah" as Rephaiah_2
class "Uzziel" as Uzziel_2
class "Joel" as Joel_3
class "Shemaiah" as Shemaiah_4
class "Gog" as Gog_1
class "Shimei" as Shimei_6
class "Micah" as Micah_2
class "Reaiah" as Reaiah_2
class "Baal" as Baal_1
class "Beerah" as Beerah_1
class "Tilgath-pilneser" as Tilgath_pilneser_1
class "Jeiel" as Jeiel_1
class "Zechariah" as Zechariah_3
class "Bela" as Bela_3
class "Azaz" as Azaz_1
class "Shema" as Shema_2
class "Joel" as Joel_4
class "Shapham" as Shapham_1
class "Janai" as Janai_1
class "Shaphat" as Shaphat_4
class "Michael" as Michael_2
class "Meshullam" as Meshullam_3
class "Sheba" as Sheba_5
class "Jorai" as Jorai_1
class "Jacan" as Jacan_1
class "Zia" as Zia_1
class "Eber" as Eber_2
class "Abihail" as Abihail_3
class "Huri" as Huri_1
class "Jaroah" as Jaroah_1
class "Gilead" as Gilead_3
class "Jeshishai" as Jeshishai_1
class "Jahdo" as Jahdo_1
class "Buz" as Buz_2
class "Ahi" as Ahi_1
class "Abdiel" as Abdiel_1
class "Guni" as Guni_2
class "Epher" as Epher_3
class "Ishi" as Ishi_3
class "Eliel" as Eliel_1
class "Azriel" as Azriel_1
class "Jeremiah" as Jeremiah_2
class "Hodaviah" as Hodaviah_2
class "Jahdiel" as Jahdiel_1
class "Abishua" as Abishua_1
class "Bukki" as Bukki_2
class "Uzzi" as Uzzi_1
class "Zerahiah" as Zerahiah_1
class "Meraioth" as Meraioth_1
class "Amariah" as Amariah_1
class "Azariah" as Azariah_6
class "Johanan" as Johanan_3
class "Amariah" as Amariah_2
class "Ahitub" as Ahitub_3
class "Zadok" as Zadok_3
class "Shallum" as Shallum_6
class "Hilkiah" as Hilkiah_3
class "Azariah" as Azariah_7
class "Seraiah" as Seraiah_5
class "Jehozadak" as Jehozadak_1
class "Jahath" as Jahath_2
class "Zimmah" as Zimmah_1
class "Joah" as Joah_2
class "Iddo" as Iddo_2
class "Zerah" as Zerah_4
class "Jeatherai" as Jeatherai_1
class "Elkanah" as Elkanah_3
class "Ebiasaph" as Ebiasaph_1
class "Assir" as Assir_2
class "Tahath" as Tahath_1
class "Uriel" as Uriel_1
class "Uzziah" as Uzziah_2
class "Shaul" as Shaul_3
class "Amasai" as Amasai_1
class "Ahimoth" as Ahimoth_1
class "Zophai" as Zophai_1
class "Nahath" as Nahath_2
class "Eliab" as Eliab_4
class "Jeroham" as Jeroham_2
class "Elkanah" as Elkanah_4
class "Libni" as Libni_2
class "Shimei" as Shimei_7
class "Uzzah" as Uzzah_2
class "Shimea" as Shimea_1
class "Haggiah" as Haggiah_1
class "Asaiah" as Asaiah_3
class "Heman" as Heman_3
class "Elkanah" as Elkanah_5
class "Mahath" as Mahath_1
class "Elkanah" as Elkanah_6
class "Joel" as Joel_5
class "Azariah" as Azariah_8
class "Zephaniah" as Zephaniah_1
class "Tahath" as Tahath_2
class "Assir" as Assir_3
class "Asaph" as Asaph_2
class "Berechiah" as Berechiah_2
class "Shimea" as Shimea_2
class "Michael" as Michael_3
class "Baaseiah" as Baaseiah_1
class "Malchijah" as Malchijah_1
class "Ethni" as Ethni_1
class "Zerah" as Zerah_5
class "Adaiah" as Adaiah_2
class "Ethan" as Ethan_3
class "Zimmah" as Zimmah_2
class "Shimei" as Shimei_8
class "Jahath" as Jahath_3
class "Ethan" as Ethan_4
class "Kishi" as Kishi_1
class "Abdi" as Abdi_1
class "Malluch" as Malluch_1
class "Hashabiah" as Hashabiah_1
class "Amaziah" as Amaziah_3
class "Hilkiah" as Hilkiah_4
class "Amzi" as Amzi_1
class "Bani" as Bani_2
class "Shemer" as Shemer_2
class "Mahli" as Mahli_2
class "Uzzi" as Uzzi_2
class "Rephaiah" as Rephaiah_3
class "Jeriel" as Jeriel_1
class "Jahmai" as Jahmai_1
class "Ibsam" as Ibsam_1
class "Samuel" as Samuel_3
class "Izrahiah" as Izrahiah_1
class "Michael" as Michael_4
class "Obadiah" as Obadiah_3
class "Joel" as Joel_6
class "Isshiah" as Isshiah_1
class "Ezbon" as Ezbon_2
class "Uzzi" as Uzzi_3
class "Uzziel" as Uzziel_3
class "Jerimoth" as Jerimoth_1
class "Iri" as Iri_1
class "Zemirah" as Zemirah_1
class "Joash" as Joash_6
class "Eliezer" as Eliezer_3
class "Elioenai" as Elioenai_3
class "Omri" as Omri_2
class "Jeremoth" as Jeremoth_1
class "Abijah" as Abijah_4
class "Anathoth" as Anathoth_1
class "Alemeth" as Alemeth_1
class "Bilhan" as Bilhan_2
class "Jeush" as Jeush_2
class "Benjamin" as Benjamin_2
class "Ehud" as Ehud_2
class "Chenaanah" as Chenaanah_2
class "Zethan" as Zethan_1
class "Tarshish" as Tarshish_2
class "Ahishahar" as Ahishahar_1
class "Hushim" as Hushim_2
class "Asriel" as Asriel_2
class "Maacah" as Maacah_5
class "Zelophehad" as Zelophehad_2
class "Peresh" as Peresh_1
class "Sheresh" as Sheresh_1
class "Ulam" as Ulam_1
class "Rakem" as Rakem_1
class "Bedan" as Bedan_1
class "Hammolecheth" as Hammolecheth_1
class "Ishhod" as Ishhod_1
class "Abiezer" as Abiezer_2
class "Mahlah" as Mahlah_2
class "Ahian" as Ahian_1
class "Shechem" as Shechem_3
class "Lihki" as Lihki_1
class "Aniam" as Aniam_1
class "Bered" as Bered_1
class "Tahath" as Tahath_3
class "Eleadah" as Eleadah_1
class "Tahath" as Tahath_4
class "Zabad" as Zabad_2
class "Shuthelah" as Shuthelah_2
class "Ezer" as Ezer_3
class "Elead" as Elead_1
class "Beriah" as Beriah_2
class "Sheerah" as Sheerah_1
class "Rephah" as Rephah_1
class "Resheph" as Resheph_1
class "Telah" as Telah_1
class "Tahan" as Tahan_2
class "Ladan" as Ladan_1
class "Birzaith" as Birzaith_1
class "Japhlet" as Japhlet_1
class "Shomer" as Shomer_2
class "Hotham" as Hotham_1
class "Shua" as Shua_2
class "Pasach" as Pasach_1
class "Bimhal" as Bimhal_1
class "Ashvath" as Ashvath_1
class "Ahi" as Ahi_2
class "Rohgah" as Rohgah_1
class "Jehubbah" as Jehubbah_1
class "Aram" as Aram_3
class "Zophah" as Zophah_1
class "Imna" as Imna_1
class "Shelesh" as Shelesh_1
class "Amal" as Amal_1
class "Suah" as Suah_1
class "Harnepher" as Harnepher_1
class "Shual" as Shual_1
class "Beri" as Beri_1
class "Imrah" as Imrah_1
class "Bezer" as Bezer_1
class "Hodaviah" as Hodaviah_3
class "Shamma" as Shamma_1
class "Shilshah" as Shilshah_1
class "Ithran" as Ithran_2
class "Beera" as Beera_1
class "Jephunneh" as Jephunneh_2
class "Pispa" as Pispa_1
class "Ara" as Ara_1
class "Arah" as Arah_1
class "Hanniel" as Hanniel_2
class "Rizia" as Rizia_1
class "Rapha" as Rapha_1
class "Abihud" as Abihud_1
class "Abishua" as Abishua_2
class "Ahoah" as Ahoah_1
class "Naaman" as Naaman_3
class "Ahijah" as Ahijah_4
class "Gera" as Gera_4
class "Uzzah" as Uzzah_3
class "Ahihud" as Ahihud_2
class "Shaharaim" as Shaharaim_1
class "Hushim" as Hushim_3
class "Baara" as Baara_1
class "Hodesh" as Hodesh_1
class "Jobab" as Jobab_4
class "Zibia" as Zibia_1
class "Mesha" as Mesha_3
class "Malcam" as Malcam_1
class "Jeuz" as Jeuz_1
class "Sachia" as Sachia_1
class "Mirmah" as Mirmah_1
class "Abitub" as Abitub_1
class "Elpaal" as Elpaal_1
class "Eber" as Eber_3
class "Misham" as Misham_1
class "Shemed" as Shemed_1
class "Beriah" as Beriah_3
class "Shema" as Shema_3
class "Ahio" as Ahio_2
class "Shashak" as Shashak_1
class "Jeremoth" as Jeremoth_2
class "Zebadiah" as Zebadiah_1
class "Arad" as Arad_1
class "Eder" as Eder_1
class "Michael" as Michael_5
class "Ishpah" as Ishpah_1
class "Joha" as Joha_1
class "Zebadiah" as Zebadiah_2
class "Meshullam" as Meshullam_4
class "Hizki" as Hizki_1
class "Heber" as Heber_4
class "Ishmerai" as Ishmerai_1
class "Izliah" as Izliah_1
class "Jobab" as Jobab_5
class "Jakim" as Jakim_1
class "Zichri" as Zichri_2
class "Zabdi" as Zabdi_2
class "Elienai" as Elienai_1
class "Zillethai" as Zillethai_1
class "Eliel" as Eliel_2
class "Adaiah" as Adaiah_3
class "Beraiah" as Beraiah_1
class "Shimrath" as Shimrath_1
class "Ishpan" as Ishpan_1
class "Eber" as Eber_4
class "Eliel" as Eliel_3
class "Abdon" as Abdon_2
class "Zichri" as Zichri_3
class "Hanan" as Hanan_1
class "Hananiah" as Hananiah_2
class "Elam" as Elam_2
class "Anthothijah" as Anthothijah_1
class "Iphdeiah" as Iphdeiah_1
class "Penuel" as Penuel_2
class "Shamsherai" as Shamsherai_1
class "Shehariah" as Shehariah_1
class "Athaliah" as Athaliah_2
class "Jaareshiah" as Jaareshiah_1
class "Elijah" as Elijah_2
class "Zichri" as Zichri_4
class "Maacah" as Maacah_6
class "Abdon" as Abdon_3
class "Zur" as Zur_3
class "Kish" as Kish_2
class "Baal" as Baal_2
class "Nadab" as Nadab_4
class "Gedor" as Gedor_3
class "Ahio" as Ahio_3
class "Zecher" as Zecher_1
class "Mikloth" as Mikloth_1
class "Shimeah" as Shimeah_1
class "Micah" as Micah_3
class "Pithon" as Pithon_1
class "Melech" as Melech_1
class "Tarea" as Tarea_1
class "Ahaz" as Ahaz_2
class "Jehoaddah" as Jehoaddah_1
class "Alemeth" as Alemeth_2
class "Azmaveth" as Azmaveth_2
class "Zimri" as Zimri_3
class "Moza" as Moza_2
class "Binea" as Binea_1
class "Raphah" as Raphah_2
class "Eleasah" as Eleasah_2
class "Azel" as Azel_1
class "Azrikam" as Azrikam_2
class "Bocheru" as Bocheru_1
class "Ishmael" as Ishmael_3
class "Sheariah" as Sheariah_1
class "Obadiah" as Obadiah_4
class "Hanan" as Hanan_2
class "Eshek" as Eshek_1
class "Ulam" as Ulam_2
class "Jeush" as Jeush_3
class "Eliphelet" as Eliphelet_4
class "Uthai" as Uthai_1
class "Ammihud" as Ammihud_5
class "Omri" as Omri_3
class "Imri" as Imri_1
class "Bani" as Bani_3
class "Asaiah" as Asaiah_4
class "Jeuel" as Jeuel_1
class "Sallu" as Sallu_1
class "Meshuallam" as Meshuallam_1
class "Hodaviah" as Hodaviah_4
class "Hassenuah" as Hassenuah_1
class "Ibneiah" as Ibneiah_1
class "Jeroham" as Jeroham_3
class "Elah" as Elah_5
class "Uzzi" as Uzzi_4
class "Michri" as Michri_1
class "Meshullam" as Meshullam_5
class "Shephatiah" as Shephatiah_2
class "Reuel" as Reuel_3
class "Ibnijah" as Ibnijah_1
class "Jedaiah" as Jedaiah_2
class "Jehoiarib" as Jehoiarib_1
class "Jachin" as Jachin_2
class "Azariah" as Azariah_9
class "Hilkiah" as Hilkiah_5
class "Meshullam" as Meshullam_6
class "Zadok" as Zadok_4
class "Meraioth" as Meraioth_2
class "Ahitub" as Ahitub_4
class "Adaiah" as Adaiah_4
class "Jeroham" as Jeroham_4
class "Pashhur" as Pashhur_1
class "Malchijah" as Malchijah_2
class "Maasai" as Maasai_1
class "Adiel" as Adiel_2
class "Jahzerah" as Jahzerah_1
class "Meshullam" as Meshullam_7
class "Meshillemith" as Meshillemith_1
class "Immer" as Immer_1
class "nan" as _0
class "Jucam" as Jucam_1
class "Abdeel" as Abdeel_1
class "Reuel" as Reuel_4
class "Tema" as Tema_2
class "Elishah" as Elishah_2
class "Zaboud" as Zaboud_1
class "-" as Naamah_16
class "-" as Eve_3
class "-" as Elisha_2
class "-" as Younger_of_Lot_1
class "-" as G_d_1
class "-" as Nahshon_2
class "-" as Nachash_1
class "-" as Achish
class "-" as Jeiel_2
class "-" as nan
Eve_1 .left. Adam_1
Adam_1 --> Cain_1
Adam_1 --> Abel_1
Cain_1 --> Enoch_1
Enoch_1 --> Irad_1
Irad_1 --> Mehujael_1
Mehujael_1 --> Methushael_1
Methushael_1 --> Lamech_1
Adah_1 .left. Lamech_1
Zillah_1 .left. Lamech_1
Lamech_1 --> Jabal_1
Lamech_1 --> Jubal_1
Lamech_1 --> Tubal_cain_1
Lamech_1 --> Naamah_1
Adam_1 --> Seth_1
Seth_1 --> Enosh_1
Enosh_1 --> Kenan_1
Kenan_1 --> Mahalalel_1
Mahalalel_1 --> Jared_1
Jared_1 --> Enoch_2
Enoch_2 --> Methuselah_1
Methuselah_1 --> Lamech_2
Lamech_2 --> Noah_1
Noah_1 --> Japheth_1
Noah_1 --> Shem_1
Noah_1 --> Ham_1
Ham_1 --> Canaan_1
Japheth_1 --> Gomer_1
Japheth_1 --> Magog_1
Japheth_1 --> Madai_1
Japheth_1 --> Javan_1
Japheth_1 --> Tubal_1
Japheth_1 --> Meshech_1
Japheth_1 --> Tiras_1
Japheth_1 --> Elisha_2
Gomer_1 --> Ashkenaz_1
Gomer_1 --> Riphath_1
Gomer_1 --> Togarmah_1
Javan_1 --> Elishah_1
Javan_1 --> Tarshish_1
Javan_1 --> Kittim_1
Javan_1 --> Dodanim_1
Ham_1 --> Cush_1
Ham_1 --> Mizraim_1
Ham_1 --> Put_1
Cush_1 --> Seba_1
Cush_1 --> Havilah_1
Cush_1 --> Sabtah_1
Cush_1 --> Raamah_1
Cush_1 --> Sabteca_1
Raamah_1 --> Sheba_1
Raamah_1 --> Dedan_1
Cush_1 --> Nimrod_1
Mizraim_1 --> Lud_1
Mizraim_1 --> Anam_1
Mizraim_1 --> Lehab_1
Mizraim_1 --> Naphtuh_1
Mizraim_1 --> Pathrus_1
Mizraim_1 --> Casluh_1
Mizraim_1 --> Caphtor_1
Canaan_1 --> Sidon_1
Canaan_1 --> Heth_1
Canaan_1 --> Jebus_1
Canaan_1 --> Amor_1
Canaan_1 --> Girgas_1
Canaan_1 --> Hivi_1
Canaan_1 --> Ark_1
Canaan_1 --> Sini_1
Canaan_1 --> Arvad_1
Canaan_1 --> Zemar_1
Canaan_1 --> Hamath_1
Shem_1 --> Elam_1
Shem_1 --> Asshur_1
Shem_1 --> Arpachshad_1
Shem_1 --> Lud_2
Shem_1 --> Aram_1
Aram_1 --> Uz_1
Aram_1 --> Hul_1
Aram_1 --> Gether_1
Aram_1 --> Mash_1
Arpachshad_1 --> Shelah_1
Shelah_1 --> Eber_1
Eber_1 --> Peleg_1
Eber_1 --> Joktan_1
Joktan_1 --> Almodad_1
Joktan_1 --> Sheleph_1
Joktan_1 --> Hazarmaveth_1
Joktan_1 --> Jerah_1
Joktan_1 --> Hadoram_1
Joktan_1 --> Uzal_1
Joktan_1 --> Diklah_1
Joktan_1 --> Obal_1
Joktan_1 --> Abimael_1
Joktan_1 --> Sheba_2
Joktan_1 --> Ophir_1
Joktan_1 --> Havilah_2
Joktan_1 --> Jobab_1
Peleg_1 --> Reu_1
Reu_1 --> Serug_1
Serug_1 --> Nahor_1
Nahor_1 --> Terah_1
Terah_1 --> Abram_1
Terah_1 --> Nahor_2
Terah_1 --> Haran_1
Haran_1 --> Lot_1
Sarai_1 .left. Abram_1
Milcah_1 .left. Nahor_2
Haran_1 --> Milcah_1
Haran_1 --> Iscah_1
Abram_1 --> Ishmael_1
Abram_1 --> Isaac_1
Wife_of_Lot_1 .left. Lot_1
Lot_1 --> Firstborn_of_Lot_1
Lot_1 --> Younger_of_Lot_1
Lot_1 --> Moab_1
Lot_1 --> Ben_ammi_1
Terah_1 --> Sarai_1
Nahor_2 --> Uz_2
Nahor_2 --> Buz_1
Nahor_2 --> Kemuel_1
Kemuel_1 --> Aram_2
Nahor_2 --> Chesed_1
Nahor_2 --> Hazo_1
Nahor_2 --> Pildash_1
Nahor_2 --> Jidlaph_1
Nahor_2 --> Bethuel_1
Bethuel_1 --> Rebekah_1
Nahor_2 --> Tebah_1
Nahor_2 --> Gaham_1
Nahor_2 --> Tahash_1
Nahor_2 --> Maacah_1
Zohar_1 --> Ephron_1
Keturah_1 .left. Abram_1
Abram_1 --> Zimran_1
Abram_1 --> Jokshan_1
Abram_1 --> Medan_1
Abram_1 --> Midian_1
Abram_1 --> Ishbak_1
Abram_1 --> Shuah_1
Jokshan_1 --> Sheba_3
Jokshan_1 --> Dedan_2
Dedan_2 --> Asshur_2
Dedan_2 --> Letush_1
Dedan_2 --> Leum_1
Midian_1 --> Ephah_1
Midian_1 --> Epher_1
Midian_1 --> Hanoch_1
Midian_1 --> Abida_1
Midian_1 --> Eldaah_1
Ishmael_1 --> Nebaioth_1
Ishmael_1 --> Kedar_1
Ishmael_1 --> Adbeel_1
Ishmael_1 --> Mibsam_1
Ishmael_1 --> Mishma_1
Ishmael_1 --> Dumah_1
Ishmael_1 --> Massa_1
Ishmael_1 --> Hadad_1
Ishmael_1 --> Tema_1
Ishmael_1 --> Jetur_1
Ishmael_1 --> Naphish_1
Ishmael_1 --> Kedemah_1
Isaac_1 --> Esau_1
Isaac_1 --> Jacob_1
Judith_1 .left. Esau_1
Beeri_1 --> Judith_1
Basemath_1 .left. Esau_1
Elon_1 --> Basemath_1
Mahalath_1 .left. Esau_1
Ishmael_1 --> Mahalath_1
Laban_1 --> Rachel_1
Laban_1 --> Leah_1
Jacob_1 --> Reuben_1
Jacob_1 --> Simeon_1
Jacob_1 --> Levi_1
Jacob_1 --> Judah_1
Bilhah_1 .left. Jacob_1
Jacob_1 --> Dan_1
Jacob_1 --> Naphtali_1
Zilpah_1 .left. Jacob_1
Jacob_1 --> Gad_1
Jacob_1 --> Asher_1
Jacob_1 --> Issachar_1
Jacob_1 --> Zebulun_1
Jacob_1 --> Dinah_1
Jacob_1 --> Joseph_1
Hamor_1 --> Shechem_1
Joseph_1 --> Benjamin_1
Esau_1 --> Eliphaz_1
Esau_1 --> Reuel_1
Esau_1 --> Jeush_1
Esau_1 --> Jalam_1
Esau_1 --> Korah_1
Eliphaz_1 --> Teman_1
Eliphaz_1 --> Omar_1
Eliphaz_1 --> Zepho_1
Eliphaz_1 --> Gatam_1
Eliphaz_1 --> Kenaz_1
Eliphaz_1 --> Amalek_1
Reuel_1 --> Nahath_1
Reuel_1 --> Zerah_1
Reuel_1 --> Shammah_1
Reuel_1 --> Mizzah_1
Eliphaz_1 --> Korah_2
Seir_1 --> Lotan_1
Seir_1 --> Shobal_1
Seir_1 --> Zibeon_2
Seir_1 --> Dishon_1
Seir_1 --> Ezer_1
Seir_1 --> Dishan_1
Lotan_1 --> Hori_1
Lotan_1 --> Hemam_1
Shobal_1 --> Alvan_1
Shobal_1 --> Manahath_1
Shobal_1 --> Ebal_1
Shobal_1 --> Shepho_1
Shobal_1 --> Onam_1
Zibeon_2 --> Aiah_1
Zibeon_2 --> Beeri_1
Beeri_1 --> Dishon_2
Dishon_2 --> Hemdan_1
Dishon_2 --> Eshban_1
Dishon_2 --> Ithran_1
Dishon_2 --> Cheran_1
Ezer_1 --> Bilhan_1
Ezer_1 --> Zaavan_1
Ezer_1 --> Akan_1
Ezer_1 --> Jucam_1
Dishan_1 --> Uz_3
Dishan_1 --> Aran_1
Beor_1 --> Bela_1
Zerah_2 --> Jobab_2
Bedad_1 --> Hadad_2
Achbor_1 --> Baal_hanan_1
Mehetabel_1 .left. Hadar_1
Judah_1 --> Er_1
Judah_1 --> Onan_1
Judah_1 --> Shelah_2
Tamar_1 .left. Er_1
Judah_1 --> Perez_1
Judah_1 --> Zerah_3
Asenath_1 .left. Joseph_1
Potiphera_1 --> Asenath_1
Joseph_1 --> Manasseh_1
Joseph_1 --> Ephraim_1
Reuben_1 --> Hanoch_2
Reuben_1 --> Pallu_1
Reuben_1 --> Hezron_1
Reuben_1 --> Carmi_1
Simeon_1 --> Jemuel_1
Simeon_1 --> Jamin_1
Simeon_1 --> Ohad_1
Simeon_1 --> Jachin_1
Simeon_1 --> Zohar_2
Simeon_1 --> Shaul_2
Levi_1 --> Gershon_1
Levi_1 --> Kohath_1
Levi_1 --> Merari_1
Perez_1 --> Hezron_2
Perez_1 --> Hamul_1
Issachar_1 --> Tola_1
Issachar_1 --> Puvvah_1
Issachar_1 --> Iob_1
Issachar_1 --> Shimron_1
Zebulun_1 --> Sered_1
Zebulun_1 --> Elon_2
Zebulun_1 --> Jahleel_1
Gad_1 --> Ziphion_1
Gad_1 --> Haggi_1
Gad_1 --> Shuni_1
Gad_1 --> Ezbon_1
Gad_1 --> Eri_1
Gad_1 --> Arodi_1
Gad_1 --> Areli_1
Asher_1 --> Imnah_1
Asher_1 --> Ishvah_1
Asher_1 --> Ishvi_1
Asher_1 --> Beriah_1
Asher_1 --> Serah_1
Beriah_1 --> Heber_1
Beriah_1 --> Malchiel_1
Benjamin_1 --> Bela_2
Benjamin_1 --> Becher_1
Benjamin_1 --> Ashbel_1
Benjamin_1 --> Gera_1
Benjamin_1 --> Ehi_1
Benjamin_1 --> Rosh_1
Dan_1 --> Hushim_1
Naphtali_1 --> Jahzeel_1
Naphtali_1 --> Guni_1
Naphtali_1 --> Jezer_1
Naphtali_1 --> Shillem_1
Manasseh_1 --> Machir_1
Reuel_2 --> Zipporah_1
Zipporah_1 .left. Moses_1
Moses_1 --> Gershom_1
Gershon_1 --> Libni_1
Gershon_1 --> Shimei_1
Kohath_1 --> Amram_1
Kohath_1 --> Izhar_1
Kohath_1 --> Hebron_1
Kohath_1 --> Uzziel_1
Merari_1 --> Mahli_1
Merari_1 --> Mushi_1
Jochebed_1 .left. Amram_1
Amram_1 --> Aaron_1
Amram_1 --> Moses_1
Izhar_1 --> Korah_3
Izhar_1 --> Nepheg_1
Izhar_1 --> Zichri_1
Uzziel_1 --> Mishael_1
Uzziel_1 --> Elzaphan_1
Uzziel_1 --> Sithri_1
Elisheba_1 .left. Aaron_1
Amminadab_1 --> Elisheba_1
Amminadab_1 --> Nahshon_1
Aaron_1 --> Nadab_1
Aaron_1 --> Abihu_1
Aaron_1 --> Eleazar_1
Aaron_1 --> Ithamar_1
Korah_3 --> Assir_1
Korah_3 --> Elkanah_1
Korah_3 --> Abiasaph_1
Eleazar_1 --> Phinehas_1
Amram_1 --> Miriam_1
Moses_1 --> Eliezer_2
Uri_1 --> Bezalel_1
Hur_1 --> Uri_1
Ahisamach_1 --> Oholiab_1
Nun_1 --> Joshua_1
Shedeur_1 --> Elizur_1
Zurishaddai_1 --> Shelumiel_1
Zuar_1 --> Nethanel_1
Helon_1 --> Eliab_1
Ammihud_1 --> Elishama_1
Pedahzur_1 --> Gamaliel_1
Gideoni_1 --> Abidan_1
Ammishaddai_1 --> Ahiezer_1
Ochran_1 --> Pagiel_1
Deuel_1 --> Eliasaph_1
Enan_1 --> Ahira_1
Abihail_1 --> Zuriel_1
Reuel_2 --> Hobab_1
Zaccur_1 --> Shammua_1
Hori_2 --> Shaphat_1
Jephunneh_1 --> Caleb_1
Joseph_2 --> Igal_1
Raphu_1 --> Palti_1
Sodi_1 --> Gaddiel_1
Susi_1 --> Gaddi_1
Gemalli_1 --> Ammiel_1
Michael_1 --> Sethur_1
Vophsi_1 --> Nahbi_1
Machi_1 --> Geuel_1
Eliab_2 --> Dathan_1
Eliab_2 --> Abiram_1
Peleth_1 --> On_1
Zippor_1 --> Balak_1
Beor_2 --> Balaam_1
Salu_1 --> Zimri_1
Simeon_1 --> Salu_1
Zur_1 --> Cozbi_1
Pallu_1 --> Eliab_2
Machir_1 --> Gilead_1
Gilead_1 --> Iezer_1
Gilead_1 --> Helek_1
Gilead_1 --> Asriel_1
Gilead_1 --> Shechem_2
Gilead_1 --> Shemida_1
Gilead_1 --> Hepher_1
Hepher_1 --> Zelophehad_1
Zelophehad_1 --> Mahlah_1
Zelophehad_1 --> Noah_2
Zelophehad_1 --> Hoglah_1
Zelophehad_1 --> Milcah_2
Zelophehad_1 --> Tirzah_1
Ephraim_1 --> Shuthelah_1
Ephraim_1 --> Becher_2
Ephraim_1 --> Tahan_1
Shuthelah_1 --> Eran_1
Bela_2 --> Ard_1
Bela_2 --> Naaman_1
Ammihud_2 --> Samuel_1
Chislon_1 --> Elidad_1
Jogli_1 --> Bukki_1
Ephod_1 --> Hanniel_1
Shiphtan_1 --> Kemuel_2
Parnach_1 --> Elizaphan_1
Azzan_1 --> Paltiel_1
Shelomi_1 --> Ahihud_1
Ammihud_3 --> Pedahel_1
Carmi_2 --> Achan_1
Zabdi_1 --> Carmi_2
Zerah_3 --> Zabdi_1
Arba_1 --> Anak_1
Anak_1 --> Sheshai_1
Anak_1 --> Ahiman_1
Anak_1 --> Talmai_1
Caleb_1 --> Achsah_1
Kenaz_2 --> Othniel_1
Achsah_1 .left. Othniel_1
Gera_2 --> Ehud_1
Anath_1 --> Shamgar_1
Deborah_2 .left. Lappidoth_1
Abinoam_1 --> Barak_1
Jael_1 .left. Heber_2
Joash_1 --> Gideon_1
Gideon_1 --> Jether_1
Gideon_1 --> Abimelech_2
Gideon_1 --> Jotham_1
Ebed_1 --> Gaal_1
Puah_2 --> Tola_2
Dodo_1 --> Puah_2
Gilead_2 --> Jephthah_1
Hillel_1 --> Abdon_1
Manoah_1 --> Samson_1
Gershom_2 --> Jonathan_1
Gershom_2 --> Manasseh_2
Naomi_1 .left. Elimelech_1
Elimelech_1 --> Mahlon_1
Elimelech_1 --> Chilion_1
Orpah_1 .left. Chilion_1
Ruth_1 .left. Mahlon_1
Ruth_1 .left. Boaz_1
Boaz_1 --> Obed_1
Obed_1 --> Jesse_1
Jesse_1 --> David_1
Hezron_2 --> Ram_1
Ram_1 --> Amminadab_1
Nahshon_2 --> Salmon_1
Salmon_1 --> Boaz_1
Jeroham_1 --> Elkanah_2
Elihu_1 --> Jeroham_1
Tohu_1 --> Elihu_1
Zuph_1 --> Tohu_1
Hannah_1 .left. Elkanah_2
Peninnah_1 .left. Elkanah_2
Eli_1 --> Hophni_1
Eli_1 --> Phinehas_2
Elkanah_2 --> Samuel_2
Phinehas_2 --> Ichabod_1
Abinadab_1 --> Eleazar_2
Samuel_2 --> Joel_1
Samuel_2 --> Abijah_1
Abiel_1 --> Kish_1
Zeror_1 --> Abiel_1
Becorath_1 --> Zeror_1
Becorath_1 --> Aphiah_1
Kish_1 --> Saul_1
Saul_1 --> Jonathan_2
Ahitub_1 --> Ahijah_1
Phinehas_2 --> Ahitub_1
Saul_1 --> Ishvi_2
Saul_1 --> Malchi_shua_1
Saul_1 --> Merab_1
Saul_1 --> Michal_1
Ahinoam_1 .left. Saul_1
Ahimaaz_1 --> Ahinoam_1
Ner_1 --> Abner_1
Abiel_1 --> Ner_1
Jesse_1 --> Eliab_3
Jesse_1 --> Abinadab_2
Jesse_1 --> Shammah_2
Merab_1 .left. Adriel_1
Michal_1 .left. David_1
Ahitub_1 --> Ahimelech_1
Ahimelech_1 --> Abiathar_1
Abigail_1 .left. Nabal_1
Abigail_1 .left. David_1
Ahinoam_2 .left. David_1
Michal_1 .left. Palti_2
Maoch_1 --> Achish
Saul_1 --> Ish_bosheth_1
David_1 --> Amnon_1
David_1 --> Chileab_1
David_1 --> Absalom_1
Maacah_2 .left. David_1
Talmai_2 --> Maacah_2
David_1 --> Adonijah_1
Haggith_1 .left. David_1
David_1 --> Shephatiah_1
Abital_1 .left. David_1
David_1 --> Ithream_1
Eglah_1 .left. David_1
Aiah_2 --> Rizpah_1
Rimmon_1 --> Baanah_1
Rimmon_1 --> Rechab_1
Jonathan_2 --> Mephibosheth_1
David_1 --> Shammua_2
David_1 --> Shobab_1
David_1 --> Nathan_1
David_1 --> Solomon_1
David_1 --> Ibhar_1
David_1 --> Elishua_1
David_1 --> Nepheg_2
David_1 --> Japhia_2
David_1 --> Elishama_2
David_1 --> Eliada_1
David_1 --> Eliphelet_1
Abinadab_1 --> Uzzah_1
Abinadab_1 --> Ahio_1
Toi_1 --> Joram_1
Ahilud_1 --> Jehoshaphat_1
Ahitub_2 --> Zadok_1
Abiathar_1 --> Ahimelech_3
Jehoiada_1 --> Benaiah_1
Ammiel_2 --> Machir_2
Mephibosheth_1 --> Mica_1
Nahash_1 --> Hanun_1
Eliam_1 --> Bathsheba_1
Bathsheba_1 .left. Uriah_1
Jerubbesheth_1 --> Abimelech_3
Bathsheba_1 .left. David_1
David_1 --> Tamar_2
Shammah_2 --> Jonadab_1
Ammihud_4 --> Talmai_2
Absalom_1 --> Tamar_3
Zadok_1 --> Ahimaaz_2
Abiathar_1 --> Jonathan_3
Gera_3 --> Shimei_2
Ithra_1 --> Amasa_1
Nahash_1 --> Abigail_2
Nahash_1 --> Shobi_1
Bichri_1 --> Sheba_4
Saul_1 --> Armoni_1
Saul_1 --> Mephibosheth_2
Raphah_1 --> Ishbi_benob_1
Jaare_oregim_1 --> Elhanan_1
Shammah_2 --> Jonathan_4
Dodo_2 --> Eleazar_3
Agee_1 --> Shammah_3
Ikkesh_1 --> Ira_2
Baanah_2 --> Heleb_1
Ribai_1 --> Ittai_1
Eliahba_1 --> Jashen_1
Eliahba_1 --> Jonathan_5
Sharar_1 --> Ahiam_1
Ahasbai_1 --> Eliphelet_2
Ahithophel_1 --> Eliam_2
Nathan_3 --> Igal_2
Zadok_1 --> Azariah_1
Shisha_1 --> Elihoreph_1
Shisha_1 --> Ahijah_2
Nathan_4 --> Azariah_2
Nathan_5 --> Zabud_1
Abda_1 --> Adoniram_1
Solomon_1 --> Taphath_1
Taphath_1 .left. Ben_abinadab_1
Ahilud_2 --> Baana_1
Iddo_1 --> Ahinadab_1
Basemath_2 .left. Ahimaaz_3
Solomon_1 --> Basemath_2
Hushai_2 --> Baana_2
Paruah_1 --> Jehoshaphat_2
Ela_1 --> Shimei_4
Uri_2 --> Geber_1
Mahol_1 --> Heman_1
Mahol_1 --> Calcol_1
Mahol_1 --> Darda_1
Tahpenes_1 .left. Pharaoh_4
Hadad_3 --> Genubath_1
Nebat_1 --> Jeroboam_1
Solomon_1 --> Rehoboam_1
Jeroboam_1 --> Abijah_2
Jeroboam_1 --> Nadab_2
Rehoboam_1 --> Abijam_1
Abishalom_1 --> Maacah_3
Abijam_1 --> Asa_1
Tabrimmon_1 --> Ben_hadad_1
Hezion_1 --> Tabrimmon_1
Asa_1 --> Jehoshaphat_3
Ahijah_2 --> Baasha_1
Hanani_1 --> Jehu_1
Baasha_1 --> Elah_2
Ginath_1 --> Tibni_1
Omri_1 --> Ahab_1
Jezebel_1 .left. Ahab_1
Ethbaal_1 --> Jezebel_1
Hiel_1 --> Abiram_2
Hiel_1 --> Segub_1
Shaphat_2 --> Elisha_1
Imlah_1 --> Micaiah_1
Chenaanah_1 --> Zedekiah_1
Ahab_1 --> Joash_2
Ahab_1 --> Ahaziah_1
Shilhi_1 --> Azubah_1
Jehoshaphat_3 --> Jehoram_1
Ahab_1 --> Jehoram_2
Jehoram_1 --> Ahaziah_2
Athaliah_1 .left. Jehoram_1
Nimshi_1 --> Jehoshaphat_4
Jehoshaphat_4 --> Jehu_2
Rechab_2 --> Jehonadab_1
Jehu_2 --> Jehoahaz_1
Jehoram_1 --> Jehosheba_1
Ahaziah_2 --> Joash_3
Shimeath_1 --> Jozacar_1
Shomer_1 --> Jehozabad_1
Joash_3 --> Amaziah_1
Jehoahaz_1 --> Joash_4
Joash_4 --> Jeroboam_2
Amaziah_1 --> Azariah_3
Amittai_1 --> Jonah_1
Jeroboam_2 --> Zechariah_1
Azariah_3 --> Jotham_2
Jabesh_1 --> Shallum_1
Menachem_1 --> Pekahiah_1
Remaliah_1 --> Pekah_1
Elah_3 --> Hoshea_1
Uzziah_1 --> Jotham_3
Zadok_2 --> Jerusha_1
Jotham_3 --> Ahaz_1
Ahaz_1 --> Hezekiah_1
Zechariah_2 --> Abi_1
Hilkiah_1 --> Eliakim_1
Asaph_1 --> Joah_1
Amoz_1 --> Isaiah_1
Baladan_1 --> Berodach_baladan_1
Hezekiah_1 --> Manasseh_3
Haruz_1 --> Meshullemeth_1
Amon_2 --> Josiah_2
Adaiah_1 --> Jedidah_1
Azaliah_1 --> Shaphan_1
Meshullam_1 --> Azaliah_1
Shaphan_1 --> Ahikam_1
Micaiah_2 --> Achbor_2
Huldah_1 .left. Shallum_2
Tikvah_1 --> Shallum_2
Harhas_1 --> Tikvah_1
Josiah_2 --> Jehoahaz_2
Jeremiah_1 --> Hamutal_1
Josiah_2 --> Eliakim_2
Pedaiah_1 --> Zebidah_1
Eliakim_2 --> Jehoiachin_1
Elnathan_1 --> Nehushta_1
Josiah_2 --> Mattaniah_1
Ahikam_1 --> Gedaliah_1
Nethaniah_1 --> Ishmael_2
Kareah_1 --> Johanan_1
Tanhumeth_1 --> Seraiah_2
Elishama_3 --> Nethaniah_1
Zibeon_2 --> Beeri_1
Zerah_3 --> Ethan_2
Zerah_3 --> Heman_2
Zerah_3 --> Calcol_2
Zerah_3 --> Dara_1
Ethan_2 --> Azariah_4
Hezron_2 --> Jerahmeel_1
Hezron_2 --> Chelubai_1
Jesse_1 --> Nethanel_2
Jesse_1 --> Raddai_1
Jesse_1 --> Ozem_1
Azubah_2 .left. Chelubai_1
Jerioth_1 .left. Chelubai_1
Chelubai_1 --> Jesher_1
Chelubai_1 --> Shobab_2
Azubah_2 --> Ardon_1
Ephrath_1 .left. Chelubai_1
Chelubai_1 --> Hur_1
Hezron_2 --> Segub_2
Machir_1 --> Abijah_3
Abijah_3 .left. Hezron_2
Segub_2 --> Jair_1
Hezron_2 --> Ashhur_1
Ashhur_1 --> Tekoa_1
Jerahmeel_1 --> Ram_2
Jerahmeel_1 --> Bunah_1
Jerahmeel_1 --> Oren_1
Jerahmeel_1 --> Ozem_2
Jerahmeel_1 --> Ahijah_3
Atarah_1 .left. Jerahmeel_1
Jerahmeel_1 --> Onam_2
Ram_2 --> Maaz_1
Ram_2 --> Jamin_2
Ram_2 --> Eker_1
Onam_2 --> Shammai_1
Onam_2 --> Jada_1
Shammai_1 --> Nadab_3
Shammai_1 --> Abishur_1
Abihail_2 .left. Abishur_1
Abishur_1 --> Ahban_1
Abishur_1 --> Molid_1
Nadab_3 --> Seled_1
Nadab_3 --> Appaim_1
Appaim_1 --> Ishi_1
Ishi_1 --> Sheshan_1
Sheshan_1 --> Ahlai_1
Jada_1 --> Jether_2
Jada_1 --> Jonathan_6
Jonathan_6 --> Peleth_2
Jonathan_6 --> Zaza_1
Jarha_1 --> Attai_1
Attai_1 --> Nathan_6
Nathan_6 --> Zabad_1
Zabad_1 --> Ephlal_1
Ephlal_1 --> Obed_2
Obed_2 --> Jehu_3
Jehu_3 --> Azariah_5
Azariah_5 --> Helez_2
Helez_2 --> Eleasah_1
Eleasah_1 --> Sismai_1
Sismai_1 --> Shallum_3
Shallum_3 --> Jekamiah_1
Jekamiah_1 --> Elishama_4
Chelubai_1 --> Mesha_2
Mesha_2 --> Ziph_1
Ziph_1 --> Mareshah_1
Mareshah_1 --> Hebron_2
Hebron_2 --> Korah_4
Korah_4 --> Tappuah_1
Korah_4 --> Rekem_2
Korah_4 --> Shema_1
Shema_1 --> Raham_1
Raham_1 --> Jorkeam_1
Rekem_2 --> Shammai_2
Shammai_2 --> Maon_1
Maon_1 --> Bethzur_1
Chelubai_1 --> Haran_2
Chelubai_1 --> Moza_1
Chelubai_1 --> Gazez_1
Haran_2 --> Gazez_2
Jahdai_1 --> Regem_1
Jahdai_1 --> Jotham_4
Jahdai_1 --> Geshan_1
Jahdai_1 --> Pelet_1
Jahdai_1 --> Ephah_3
Jahdai_1 --> Shaaph_1
Chelubai_1 --> Sheber_1
Chelubai_1 --> Tirhanah_1
Chelubai_1 --> Shaaph_2
Shaaph_2 --> Madmannah_1
Chelubai_1 --> Sheva_1
Sheva_1 --> Machbena_1
Sheva_1 --> Gibea_1
Chelubai_1 --> Achsah_2
Hur_1 --> Shobal_2
Hur_1 --> Salma_1
Hur_1 --> Hareph_1
Shobal_2 --> Haroeh_1
David_1 --> Eliphelet_3
David_1 --> Nogah_1
Josiah_2 --> Shallum_4
Eliakim_2 --> Zedekiah_2
Jehoiachin_1 --> Shealtiel_1
Jehoiachin_1 --> Malchiram_1
Jehoiachin_1 --> Pedaiah_2
Jehoiachin_1 --> Shenazzar_1
Jehoiachin_1 --> Jekamiah_2
Jehoiachin_1 --> Hoshama_1
Jehoiachin_1 --> Nedabiah_1
Pedaiah_2 --> Zerubbabel_1
Pedaiah_2 --> Shimei_4
Zerubbabel_1 --> Meshullam_2
Zerubbabel_1 --> Hananiah_1
Zerubbabel_1 --> Shelomith_1
Meshullam_2 --> Hashubah_1
Meshullam_2 --> Ohel_1
Meshullam_2 --> Berechiah_1
Meshullam_2 --> Hasadiah_1
Meshullam_2 --> Jushab_hesed_1
Hananiah_1 --> Pelatiah_1
Hananiah_1 --> Jeshaiah_1
Hananiah_1 --> Rephaiah_1
Hananiah_1 --> Arnan_1
Hananiah_1 --> Obadiah_2
Hananiah_1 --> Shecaniah_1
Shecaniah_1 --> Shemaiah_2
Shemaiah_2 --> Hattush_1
Shemaiah_2 --> Igal_3
Shemaiah_2 --> Bariah_1
Shemaiah_2 --> Neariah_1
Shemaiah_2 --> Shaphat_3
Neariah_1 --> Elioenai_1
Neariah_1 --> Hizkiah_1
Neariah_1 --> Azrikam_1
Elioenai_1 --> Hodaviah_1
Elioenai_1 --> Eliashib_1
Elioenai_1 --> Pelaiah_1
Elioenai_1 --> Akkub_1
Elioenai_1 --> Johanan_2
Elioenai_1 --> Delaiah_1
Elioenai_1 --> Anani_1
Shobal_2 --> Reaiah_1
Reaiah_1 --> Jahath_1
Jahath_1 --> Ahumai_1
Jahath_1 --> Lahad_1
Etam_1 --> Jezreel_1
Etam_1 --> Ishma_1
Etam_1 --> Idbash_1
Etam_1 --> Hazzelelponi_1
Hur_1 --> Penuel_1
Penuel_1 --> Gedor_1
Hur_1 --> Ezer_2
Ezer_2 --> Hushah_1
Helah_1 .left. Ashhur_1
Naarah_1 .left. Ashhur_1
Ashhur_1 --> Ahuzzam_1
Ashhur_1 --> Hepher_2
Ashhur_1 --> Temeni_1
Ashhur_1 --> Haahashtari_1
Ashhur_1 --> Zereth_1
Ashhur_1 --> Izhar_2
Ashhur_1 --> Ethnan_1
Koz_1 --> Anub_1
Koz_1 --> Zobebah_1
Koz_1 --> Harum_1
Harum_1 --> Aharhel_1
Chelub_1 --> Mehir_1
Mehir_1 --> Eshton_1
Eshton_1 --> Beth_rapha_1
Eshton_1 --> Paseah_1
Eshton_1 --> Tehinnah_1
Kenaz_2 --> Seraiah_3
Othniel_1 --> Hathath_1
Othniel_1 --> Meonothai_1
Meonothai_1 --> Ophrah_1
Seraiah_3 --> Joab_2
Caleb_1 --> Iru_1
Caleb_1 --> Elah_4
Caleb_1 --> Naam_1
Elah_4 --> Kenaz_3
Jehallelel_1 --> Ziph_2
Jehallelel_1 --> Ziphah_1
Jehallelel_1 --> Tiria_1
Jehallelel_1 --> Asarel_1
Ezrah_1 --> Jether_3
Ezrah_1 --> Mered_1
Ezrah_1 --> Epher_2
Ezrah_1 --> Jalon_1
Pharaoh_5 --> Bithia_1
Bithia_1 .left. Mered_1
Mered_1 --> Miriam_2
Mered_1 --> Shammai_3
Mered_1 --> Ishbah_1
Ishbah_1 --> Eshtemoa_1
Mered_1 --> Jered_1
Jered_1 --> Gedor_2
Mered_1 --> Heber_3
Heber_3 --> Soco_1
Mered_1 --> Jekuthiel_1
Jekuthiel_1 --> Zanoah_1
Shimon_1 --> Amnon_2
Shimon_1 --> Rinnah_1
Shimon_1 --> Benhanan_1
Shimon_1 --> Tilon_1
Ishi_2 --> Zoheth_1
Ishi_2 --> Ben_zoheth_1
Shelah_2 --> Er_2
Er_2 --> Lecah_1
Shelah_2 --> Laadah_1
Laadah_1 --> Mareshah_2
Shelah_2 --> Jokim_1
Shelah_2 --> Joash_5
Shelah_2 --> Saraph_1
Shelah_2 --> Jashubi_lehem_1
Shaul_2 --> Shallum_5
Shallum_5 --> Mibsam_2
Mibsam_2 --> Mishma_2
Mishma_2 --> Hammuel_1
Hammuel_1 --> Zaccur_2
Zaccur_2 --> Shimei_5
Amaziah_2 --> Joshah_1
Joshibiah_1 --> Jehu_4
Seraiah_4 --> Joshibiah_1
Asiel_1 --> Seraiah_4
Shiphi_1 --> Ziza_1
Allon_1 --> Shiphi_1
Jedaiah_1 --> Allon_1
Shimri_1 --> Jedaiah_1
Shemaiah_3 --> Shimri_1
Ishi_2 --> Pelatiah_2
Ishi_2 --> Neariah_2
Ishi_2 --> Rephaiah_2
Ishi_2 --> Uzziel_2
Joel_3 --> Shemaiah_4
Shemaiah_4 --> Gog_1
Gog_1 --> Shimei_6
Shimei_6 --> Micah_2
Micah_2 --> Reaiah_2
Reaiah_2 --> Baal_1
Baal_1 --> Beerah_1
Zechariah_3 --> Jeiel_1
Bela_3 --> Zechariah_3
Azaz_1 --> Bela_3
Shema_2 --> Azaz_1
Joel_3 --> Shema_2
Jeshishai_1 --> Michael_2
Huri_1 --> Abihail_3
Jaroah_1 --> Huri_1
Gilead_3 --> Jaroah_1
Michael_2 --> Gilead_3
Jahdo_1 --> Jeshishai_1
Buz_2 --> Jahdo_1
Abdiel_1 --> Ahi_1
Guni_2 --> Abdiel_1
Phinehas_1 --> Abishua_1
Abishua_1 --> Bukki_2
Bukki_2 --> Uzzi_1
Uzzi_1 --> Zerahiah_1
Zerahiah_1 --> Meraioth_1
Meraioth_1 --> Amariah_1
Ahimaaz_2 --> Azariah_6
Azariah_6 --> Johanan_3
Azariah_1 --> Amariah_2
Amariah_2 --> Ahitub_4
Ahitub_4 --> Zadok_3
Zadok_3 --> Shallum_6
Shallum_6 --> Hilkiah_3
Hilkiah_3 --> Azariah_7
Azariah_7 --> Seraiah_5
Seraiah_5 --> Jehozadak_1
Libni_1 --> Jahath_2
Jahath_2 --> Zimmah_1
Zimmah_1 --> Joah_2
Joah_2 --> Iddo_2
Iddo_2 --> Zerah_4
Zerah_4 --> Jeatherai_1
Assir_1 --> Elkanah_3
Elkanah_3 --> Ebiasaph_1
Ebiasaph_1 --> Assir_2
Assir_2 --> Tahath_1
Tahath_1 --> Uriel_1
Uriel_1 --> Uzziah_2
Uzziah_2 --> Shaul_3
Elkanah_1 --> Amasai_1
Elkanah_1 --> Ahimoth_1
Elkanah_1 --> Zophai_1
Zophai_1 --> Nahath_2
Nahath_2 --> Eliab_4
Eliab_4 --> Jeroham_2
Jeroham_2 --> Elkanah_4
Mahli_1 --> Libni_2
Libni_2 --> Shimei_7
Shimei_7 --> Uzzah_2
Uzzah_2 --> Shimea_1
Shimea_1 --> Haggiah_1
Haggiah_1 --> Asaiah_3
Joel_1 --> Heman_3
Mahath_1 --> Elkanah_5
Amasai_1 --> Mahath_1
Joel_5 --> Elkanah_6
Azariah_8 --> Joel_5
Zephaniah_1 --> Azariah_8
Tahath_2 --> Zephaniah_1
Assir_3 --> Tahath_2
Abiasaph_1 --> Assir_3
Berechiah_2 --> Asaph_2
Shimea_2 --> Berechiah_2
Michael_3 --> Shimea_2
Baaseiah_1 --> Michael_3
Malchijah_1 --> Baaseiah_1
Ethni_1 --> Malchijah_1
Zerah_5 --> Ethni_1
Adaiah_2 --> Zerah_5
Ethan_3 --> Adaiah_2
Zimmah_2 --> Ethan_3
Shimei_8 --> Zimmah_2
Jahath_3 --> Shimei_8
Gershon_1 --> Jahath_3
Kishi_1 --> Ethan_4
Abdi_1 --> Kishi_1
Malluch_1 --> Abdi_1
Hashabiah_1 --> Malluch_1
Amaziah_3 --> Hashabiah_1
Hilkiah_4 --> Amaziah_3
Amzi_1 --> Hilkiah_4
Bani_2 --> Amzi_1
Shemer_2 --> Bani_2
Mahli_2 --> Shemer_2
Mushi_1 --> Mahli_2
Tola_1 --> Uzzi_2
Tola_1 --> Rephaiah_3
Tola_1 --> Jeriel_1
Tola_1 --> Jahmai_1
Tola_1 --> Ibsam_1
Tola_1 --> Samuel_3
Uzzi_2 --> Izrahiah_1
Izrahiah_1 --> Michael_4
Izrahiah_1 --> Obadiah_3
Izrahiah_1 --> Joel_6
Izrahiah_1 --> Isshiah_1
Bela_2 --> Ezbon_2
Bela_2 --> Uzzi_3
Bela_2 --> Uzziel_3
Bela_2 --> Jerimoth_1
Bela_2 --> Iri_1
Becher_1 --> Zemirah_1
Becher_1 --> Joash_6
Becher_1 --> Eliezer_3
Becher_1 --> Elioenai_3
Becher_1 --> Omri_2
Becher_1 --> Jeremoth_1
Becher_1 --> Abijah_4
Becher_1 --> Anathoth_1
Becher_1 --> Alemeth_1
Ashbel_1 --> Bilhan_2
Bilhan_2 --> Jeush_2
Bilhan_2 --> Benjamin_2
Bilhan_2 --> Ehud_2
Bilhan_2 --> Chenaanah_2
Bilhan_2 --> Zethan_1
Bilhan_2 --> Tarshish_2
Bilhan_2 --> Ahishahar_1
Iri_1 --> Muppim_1
Iri_1 --> Huppim_1
Ehi_1 --> Hushim_2
Manasseh_1 --> Asriel_2
Maacah_5 .left. Machir_1
Zelophehad_2 .left. Machir_1
Machir_1 --> Peresh_1
Machir_1 --> Sheresh_1
Peresh_1 --> Ulam_1
Peresh_1 --> Rakem_1
Ulam_1 --> Bedan_1
Shemida_1 --> Ahian_1
Shemida_1 --> Shechem_3
Shemida_1 --> Lihki_1
Shemida_1 --> Aniam_1
Shuthelah_1 --> Bered_1
Bered_1 --> Tahath_3
Tahath_3 --> Eleadah_1
Eleadah_1 --> Tahath_4
Tahath_4 --> Zabad_2
Zabad_2 --> Shuthelah_2
Ephraim_1 --> Ezer_3
Ephraim_1 --> Elead_1
Ephraim_1 --> Beriah_2
Beriah_2 --> Sheerah_1
Beriah_2 --> Rephah_1
Beriah_2 --> Resheph_1
Resheph_1 --> Telah_1
Telah_1 --> Tahan_2
Tahan_2 --> Ladan_1
Ladan_1 --> Ammihud_1
Malchiel_1 --> Birzaith_1
Heber_1 --> Japhlet_1
Heber_1 --> Shomer_2
Heber_1 --> Hotham_1
Heber_1 --> Shua_2
Japhlet_1 --> Pasach_1
Japhlet_1 --> Bimhal_1
Japhlet_1 --> Ashvath_1
Shomer_2 --> Ahi_2
Shomer_2 --> Rohgah_1
Shomer_2 --> Jehubbah_1
Shomer_2 --> Aram_3
Hotham_1 --> Zophah_1
Hotham_1 --> Imna_1
Hotham_1 --> Shelesh_1
Hotham_1 --> Amal_1
Zophah_1 --> Suah_1
Zophah_1 --> Harnepher_1
Zophah_1 --> Shual_1
Zophah_1 --> Beri_1
Zophah_1 --> Imrah_1
Zophah_1 --> Bezer_1
Zophah_1 --> Hodaviah_3
Zophah_1 --> Shamma_1
Zophah_1 --> Shilshah_1
Zophah_1 --> Ithran_2
Zophah_1 --> Beera_1
Ithran_2 --> Jephunneh_2
Ithran_2 --> Pispa_1
Ithran_2 --> Ara_1
Jephunneh_2 --> Arah_1
Jephunneh_2 --> Hanniel_2
Jephunneh_2 --> Rizia_1
Benjamin_1 --> Rapha_1
Bela_2 --> Abihud_1
Bela_2 --> Ahoah_1
Bela_2 --> Gera_3
Ehud_2 --> Naaman_3
Ehud_2 --> Ahijah_4
Ehud_2 --> Gera_4
Gera_4 --> Uzzah_3
Gera_4 --> Ahihud_2
Gera_4 --> Shaharaim_1
Hushim_3 .left. Shaharaim_1
Baara_1 .left. Shaharaim_1
Hodesh_1 .left. Shaharaim_1
Shaharaim_1 --> Jobab_4
Shaharaim_1 --> Zibia_1
Shaharaim_1 --> Mesha_3
Shaharaim_1 --> Malcam_1
Shaharaim_1 --> Jeuz_1
Shaharaim_1 --> Sachia_1
Shaharaim_1 --> Mirmah_1
Shaharaim_1 --> Abitub_1
Shaharaim_1 --> Elpaal_1
Hushim_3 --> Abitub_1
Hushim_3 --> Elpaal_1
Elpaal_1 --> Eber_3
Elpaal_1 --> Misham_1
Elpaal_1 --> Shemed_1
Elpaal_1 --> Beriah_3
Elpaal_1 --> Shema_3
Elpaal_1 --> Ahio_2
Elpaal_1 --> Shashak_1
Elpaal_1 --> Jeremoth_2
Beriah_3 --> Zebadiah_1
Beriah_3 --> Arad_1
Beriah_3 --> Eder_1
Beriah_3 --> Michael_5
Beriah_3 --> Ishpah_1
Beriah_3 --> Joha_1
Elpaal_1 --> Zebadiah_2
Elpaal_1 --> Meshullam_4
Elpaal_1 --> Hizki_1
Elpaal_1 --> Heber_4
Elpaal_1 --> Ishmerai_1
Elpaal_1 --> Izliah_1
Elpaal_1 --> Jobab_5
Shema_3 --> Jakim_1
Shema_3 --> Zichri_2
Shema_3 --> Zabdi_2
Shema_3 --> Elienai_1
Shema_3 --> Zillethai_1
Shema_3 --> Eliel_2
Shema_3 --> Adaiah_3
Shema_3 --> Beraiah_1
Shema_3 --> Shimrath_1
Shashak_1 --> Ishpan_1
Shashak_1 --> Eber_4
Shashak_1 --> Eliel_3
Shashak_1 --> Abdon_2
Shashak_1 --> Zichri_3
Shashak_1 --> Hanan_1
Shashak_1 --> Hananiah_2
Shashak_1 --> Elam_2
Shashak_1 --> Anthothijah_1
Shashak_1 --> Iphdeiah_1
Shashak_1 --> Penuel_2
Jeremoth_2 --> Shamsherai_1
Jeremoth_2 --> Shehariah_1
Jeremoth_2 --> Athaliah_2
Jeremoth_2 --> Jaareshiah_1
Jeremoth_2 --> Elijah_2
Jeremoth_2 --> Zichri_4
Maacah_6 .left. Jeiel_2
Jeiel_2 --> Abdon_3
Jeiel_2 --> Zur_3
Jeiel_2 --> Kish_2
Jeiel_2 --> Baal_2
Jeiel_2 --> Nadab_4
Jeiel_2 --> Gedor_3
Jeiel_2 --> Ahio_3
Jeiel_2 --> Zecher_1
Jeiel_2 --> Mikloth_1
Mikloth_1 --> Shimeah_1
Mephibosheth_1 --> Micah_3
Micah_3 --> Pithon_1
Micah_3 --> Melech_1
Micah_3 --> Tarea_1
Micah_3 --> Ahaz_2
Ahaz_2 --> Jehoaddah_1
Jehoaddah_1 --> Alemeth_2
Jehoaddah_1 --> Azmaveth_2
Jehoaddah_1 --> Zimri_3
Zimri_3 --> Moza_2
Moza_2 --> Binea_1
Binea_1 --> Raphah_2
Raphah_2 --> Eleasah_2
Eleasah_2 --> Azel_1
Azel_1 --> Azrikam_2
Azel_1 --> Bocheru_1
Azel_1 --> Ishmael_3
Azel_1 --> Sheariah_1
Azel_1 --> Obadiah_4
Azel_1 --> Hanan_2
Eshek_1 --> Ulam_2
Eshek_1 --> Jeush_3
Eshek_1 --> Eliphelet_4
Ammihud_5 --> Uthai_1
Omri_3 --> Ammihud_5
Imri_1 --> Omri_3
Bani_3 --> Imri_1
Meshuallam_1 --> Sallu_1
Hodaviah_4 --> Meshuallam_1
Hassenuah_1 --> Hodaviah_4
Jeroham_3 --> Ibneiah_1
Uzzi_4 --> Elah_5
Michri_1 --> Uzzi_4
Shephatiah_2 --> Meshullam_5
Reuel_3 --> Shephatiah_2
Ibnijah_1 --> Reuel_3
Hilkiah_5 --> Jedaiah_2
Hilkiah_5 --> Jehoiarib_1
Hilkiah_5 --> Jachin_2
Hilkiah_5 --> Azariah_9
Meshullam_6 --> Hilkiah_5
Zadok_4 --> Meshullam_6
Meraioth_2 --> Zadok_4
Ahitub_4 --> Meraioth_2
Jeroham_4 --> Adaiah_4
Pashhur_1 --> Jeroham_4
Malchijah_2 --> Pashhur_1
Adiel_2 --> Maasai_1
Jahzerah_1 --> Adiel_2
Meshullam_7 --> Jahzerah_1
Meshillemith_1 --> Meshullam_7
Immer_1 --> Meshillemith_1
@enduml
